1	0.42
2	0.36
3	0.3
4	0.54
5	0.17
6	0.16
7	0.26
8	0.15
9	0.1
10	0.18
11	0.36
12	0.12
13	0.28
14	0.42
15	0.21
16	0.23
17	0.09
18	0.22
19	0.31
20	0.19
21	0.17
22	0.13
23	0.3
24	0.28
25	0.35
26	0.31
27	0.11
28	0.32
29	0.25
30	0.13
31	0.3
32	0.24
33	0.28
34	0.3
35	0.38
36	0.05
37	0.31
38	0.27
39	0.26
40	0.16
41	0.3
42	0.19
43	0.21
44	0.19
45	0.36
46	0.33
47	0.25
48	0.34
49	0.23
50	0.34
51	0.35
52	0.42
53	0.08
54	0.07
55	0.32
56	0.46
57	0.24
58	0.13
59	0.01
60	0.22
61	0.29
62	0.12
63	0.33
64	0.21
65	0.35
66	0.16
67	0.17
68	0.37
69	0.33
70	0.17
71	0.23
72	0.13
73	0.43
74	0.34
75	0.31
76	0.32
77	0.21
78	0.47
79	0.24
80	0.35
81	0.3
82	0.2
83	0.28
84	0.18
85	0.17
86	0.1
87	0.43
88	0.16
89	0.13
90	0.19
91	0.1
92	0.26
93	0.21
94	0.22
95	0.09
96	0.37
97	0.08
98	0.34
99	0.2
100	0.18
101	0.24
102	0.39
103	0.28
104	0.04
105	0.26
106	0.25
107	0.26
108	0.35
109	0.21
110	0.24
111	0.2
112	0.16
113	0.38
114	0.28
115	0.44
116	0.35
117	0.26
118	0.17
119	0.18
120	0.11
121	0.29
122	0.14
123	0.42
124	0.18
125	0.26
126	0.4
127	0.2
128	0.3
129	0.31
130	0.29
131	0.36
132	0.37
133	0.39
134	0.23
135	0.22
136	0.29
137	0.53
138	0.21
139	0.13
140	0.26
141	0.28
142	0.13
143	0.24
144	0.2
145	0.28
146	0.16
147	0.49
148	0.22
149	0.23
150	0.22
151	0.3
152	0.29
153	0.11
154	0.17
155	0.29
156	0.11
157	0.25
158	0.14
159	0.15
160	0.2
161	0.12
162	0.38
163	0.18
164	0.24
165	0.26
166	0.26
167	0.29
168	0.2
169	0.33
170	0.4
171	0.32
172	0.31
173	0.27
174	0.39
175	0.37
176	0.38
177	0.24
178	0.22
179	0.28
180	0.19
181	0.21
182	0.23
183	0.23
184	0.14
185	0.33
186	0.18
187	0.24
188	0.42
189	0.31
190	0.12
191	0.25
192	0.26
193	0.38
194	0.28
195	0.14
196	0.19
197	0.23
198	0.21
199	0.17
200	0.15
201	0.3
202	0.29
203	0.39
204	0.17
205	0.27
206	0.25
207	0.26
208	0.25
209	0.2
210	0.24
211	0.19
212	0.23
213	0.38
214	0.21
215	0.27
216	0.36
217	0.25
218	0.39
219	0.25
220	0.15
221	0.23
222	0.21
223	0.12
224	0.13
225	0.3
226	0.51
227	0.2
228	0.28
229	0.43
230	0.33
231	0.25
232	0.19
233	0.31
234	0.23
235	0.24
236	0.31
237	0.26
238	0.19
239	0.25
240	0.14
241	0.17
242	0.25
243	0.08
244	0.01
245	0.38
246	0.42
247	0.35
248	0.22
249	0.18
250	0.26
251	0.35
252	0.28
253	0.3
254	0.1
255	0.29
256	0.2
257	0.23
258	0.49
259	0.26
260	0.22
261	0.22
262	0.29
263	0.25
264	0.11
265	0.21
266	0.23
267	0.29
268	0.17
269	0.27
270	0.29
271	0.41
272	0.26
273	0.33
274	0.19
275	0.18
276	0.19
277	0.3
278	0.13
279	0.21
280	0.36
281	0.4
282	0.06
283	0.33
284	0.43
285	0.32
286	0.27
287	0.07
288	0.34
289	0.21
290	0.35
291	0.36
292	0.18
293	0.14
294	0.39
295	0.33
296	0.17
297	0.3
298	0.37
299	0.1
300	0.31
301	0.04
302	0.29
303	0.22
304	0.2
305	0.44
306	0.24
307	0.3
308	0.21
309	0.01
310	0.23
311	0.02
312	0.2
313	0.18
314	0.28
315	0.13
316	0.25
317	0.4
318	0.2
319	0.32
320	0.09
321	0.2
322	0.4
323	0.29
324	0.34
325	0.16
326	0.32
327	0.35
328	0.27
329	0.36
330	0.29
331	0.25
332	0.3
333	0.22
334	0.11
335	0.25
336	0.28
337	0.13
338	0.28
339	0.21
340	0.11
341	0.2
342	0.36
343	0.16
344	0.36
345	0.21
346	0.28
347	0.46
348	0.28
349	0.31
350	0.27
351	0.22
352	0.17
353	0.12
354	0.26
355	0.23
356	0.27
357	0.44
358	0.21
359	0.35
360	0.31
361	0.36
362	0.36
363	0.27
364	0.43
365	0.41
366	0.17
367	0.28
368	0.28
369	0.13
370	0.25
371	0.28
372	0.2
373	0.16
374	0.4
375	0.35
376	0.26
377	0.28
378	0.19
379	0.2
380	0.25
381	0.21
382	0.4
383	0.25
384	0.16
385	0.26
386	0.2
387	0.09
388	0.26
389	0.34
390	0.34
391	0.03
392	0.1
393	0.34
394	0.26
395	0.28
396	0.45
397	0.01
398	0.3
399	0.25
400	0.19
401	0.17
402	0.34
403	0.13
404	0.3
405	0.29
406	0.31
407	0.22
408	0.34
409	0.21
410	0.21
411	0.08
412	0.31
413	0.26
414	0.37
415	0.41
416	0.11
417	0.12
418	0.11
419	0.12
420	0.27
421	0.39
422	0.28
423	0.06
424	0.34
425	0.28
426	0.27
427	0.37
428	0.24
429	0.15
430	0.21
431	0.33
432	0.08
433	0.39
434	0.17
435	0.47
436	0.24
437	0.33
438	0.16
439	0.22
440	0.18
441	0.21
442	0.26
443	0.34
444	0.17
445	0.04
446	0.2
447	0.32
448	0.17
449	0.18
450	0.16
451	0.3
452	0.32
453	0.01
454	0.13
455	0.21
456	0.17
457	0.17
458	0.41
459	0.37
460	0.3
461	0.27
462	0.32
463	0.33
464	0.33
465	0.14
466	0.33
467	0.23
468	0.37
469	0.31
470	0.22
471	0.38
472	0.13
473	0.17
474	0.11
475	0.29
476	0.22
477	0.2
478	0.25
479	0.37
480	0.28
481	0.53
482	0.27
483	0.22
484	0.53
485	0.34
486	0.16
487	0.07
488	0.01
489	0.25
490	0.12
491	0.25
492	0.37
493	0.15
494	0.12
495	0.29
496	0.35
497	0.15
498	0.1
499	0.23
500	0.16
501	0.25
502	0.15
503	0.26
504	0.28
505	0.25
506	0.21
507	0.25
508	0.01
509	0.33
510	0.24
511	0.08
512	0.23
513	0.18
514	0.24
515	0.45
516	0.4
517	0.36
518	0.27
519	0.25
520	0.11
521	0.13
522	0.42
523	0.21
524	0.11
525	0.39
526	0.24
527	0.33
528	0.25
529	0.2
530	0.24
531	0.48
532	0.23
533	0.23
534	0.19
535	0.16
536	0.31
537	0.2
538	0.34
539	0.2
540	0.16
541	0.33
542	0.36
543	0.27
544	0.41
545	0.08
546	0.42
547	0.07
548	0.31
549	0.26
550	0.31
551	0.29
552	0.37
553	0.25
554	0.32
555	0.11
556	0.27
557	0.27
558	0.16
559	0.29
560	0.3
561	0.22
562	0.23
563	0.18
564	0.2
565	0.16
566	0.36
567	0.32
568	0.14
569	0.17
570	0.29
571	0.34
572	0.25
573	0.42
574	0.16
575	0.34
576	0.18
577	0.2
578	0.29
579	0.22
580	0.18
581	0.18
582	0.44
583	0.23
584	0.19
585	0.28
586	0.37
587	0.27
588	0.44
589	0.31
590	0.12
591	0.23
592	0.34
593	0.3
594	0.11
595	0.15
596	0.09
597	0.21
598	0.36
599	0.13
600	0.34
601	0.15
602	0.11
603	0.1
604	0.27
605	0.23
606	0.17
607	0.05
608	0.27
609	0.33
610	0.19
611	0.25
612	0.35
613	0.22
614	0.25
615	0.38
616	0.22
617	0.31
618	0.27
619	0.18
620	0.33
621	0.37
622	0.23
623	0.21
624	0.26
625	0.38
626	0.07
627	0.35
628	0.25
629	0.37
630	0.28
631	0.29
632	0.33
633	0.38
634	0.31
635	0.04
636	0.26
637	0.29
638	0.17
639	0.08
640	0.38
641	0.26
642	0.34
643	0.29
644	0.22
645	0.2
646	0.26
647	0.22
648	0.35
649	0.29
650	0.27
651	0.28
652	0.28
653	0.27
654	0.24
655	0.18
656	0.35
657	0.21
658	0.41
659	0.35
660	0.29
661	0.33
662	0.32
663	0.35
664	0.05
665	0.17
666	0.11
667	0.22
668	0.37
669	0.28
670	0.41
671	0.33
672	0.26
673	0.19
674	0.36
675	0.26
676	0.16
677	0.27
678	0.31
679	0.33
680	0.4
681	0.08
682	0.18
683	0.17
684	0.25
685	0.28
686	0.37
687	0.17
688	0.31
689	0.32
690	0.21
691	0.34
692	0.02
693	0.3
694	0.26
695	0.44
696	0.38
697	0.16
698	0.16
699	0.33
700	0.18
701	0.29
702	0.28
703	0.13
704	0.17
705	0.21
706	0.31
707	0.21
708	0.14
709	0.09
710	0.21
711	0.26
712	0.36
713	0.07
714	0.35
715	0.3
716	0.25
717	0.17
718	0.27
719	0.11
720	0.15
721	0.05
722	0.21
723	0.25
724	0.28
725	0.23
726	0.23
727	0.25
728	0.16
729	0.3
730	0.26
731	0.18
732	0.12
733	0.14
734	0.19
735	0.35
736	0.28
737	0.27
738	0.33
739	0.34
740	0.21
741	0.32
742	0.15
743	0.2
744	0.24
745	0.18
746	0.22
747	0.35
748	0.26
749	0.26
750	0.16
751	0.15
752	0.16
753	0.16
754	0.29
755	0.24
756	0.26
757	0.23
758	0.22
759	0.29
760	0.35
761	0.09
762	0.11
763	0.37
764	0.25
765	0.42
766	0.26
767	0.21
768	0.25
769	0.2
770	0.09
771	0.24
772	0.08
773	0.29
774	0.2
775	0.21
776	0.31
777	0.25
778	0.14
779	0.24
780	0.34
781	0.25
782	0.16
783	0.32
784	0.22
785	0.24
786	0.29
787	0.25
788	0.32
789	0.2
790	0.14
791	0.29
792	0.24
793	0.11
794	0.07
795	0.26
796	0.21
797	0.27
798	0.15
799	0.41
800	0.28
801	0.24
802	0.18
803	0.15
804	0.14
805	0.32
806	0.27
807	0.2
808	0.31
809	0.32
810	0.12
811	0.23
812	0.15
813	0.21
814	0.22
815	0.12
816	0.23
817	0.35
818	0.01
819	0.36
820	0.23
821	0.16
822	0.28
823	0.3
824	0.21
825	0.23
826	0.11
827	0.23
828	0.09
829	0.28
830	0.37
831	0.31
832	0.22
833	0.18
834	0.28
835	0.01
836	0.4
837	0.16
838	0.17
839	0.33
840	0.26
841	0.27
842	0.22
843	0.19
844	0.25
845	0.26
846	0.12
847	0.29
848	0.22
849	0.32
850	0.41
851	0.09
852	0.02
853	0.42
854	0.14
855	0.35
856	0.24
857	0.08
858	0.3
859	0.35
860	0.14
861	0.2
862	0.17
863	0.3
864	0.13
865	0.35
866	0.09
867	0.16
868	0.17
869	0.34
870	0.15
871	0.24
872	0.31
873	0.32
874	0.19
875	0.19
876	0.12
877	0.33
878	0.16
879	0.2
880	0.25
881	0.18
882	0.31
883	0.25
884	0.31
885	0.24
886	0.19
887	0.35
888	0.16
889	0.27
890	0.34
891	0.39
892	0.27
893	0.01
894	0.13
895	0.26
896	0.31
897	0.32
898	0.13
899	0.16
900	0.39
901	0.34
902	0.09
903	0.21
904	0.39
905	0.31
906	0.26
907	0.1
908	0.22
909	0.07
910	0.17
911	0.36
912	0.09
913	0.39
914	0.13
915	0.38
916	0.23
917	0.21
918	0.24
919	0.16
920	0.13
921	0.2
922	0.39
923	0.22
924	0.39
925	0.3
926	0.14
927	0.21
928	0.34
929	0.2
930	0.29
931	0.28
932	0.24
933	0.44
934	0.31
935	0.32
936	0.28
937	0.25
938	0.37
939	0.1
940	0.33
941	0.22
942	0.35
943	0.21
944	0.19
945	0.27
946	0.23
947	0.26
948	0.23
949	0.23
950	0.31
951	0.08
952	0.11
953	0.14
954	0.37
955	0.11
956	0.16
957	0.43
958	0.43
959	0.13
960	0.31
961	0.42
962	0.35
963	0.26
964	0.27
965	0.11
966	0.32
967	0.16
968	0.32
969	0.3
970	0.22
971	0.12
972	0.08
973	0.17
974	0.26
975	0.32
976	0.26
977	0.14
978	0.1
979	0.14
980	0.01
981	0.22
982	0.3
983	0.19
984	0.31
985	0.34
986	0.35
987	0.26
988	0.27
989	0.21
990	0.18
991	0.12
992	0.35
993	0.37
994	0.32
995	0.34
996	0.14
997	0.2
998	0.2
999	0.27
1000	0.08
1001	0.26
1002	0.19
1003	0.26
1004	0.36
1005	0.17
1006	0.26
1007	0.09
1008	0.28
1009	0.38
1010	0.06
1011	0.37
1012	0.41
1013	0.4
1014	0.47
1015	0.22
1016	0.19
1017	0.32
1018	0.21
1019	0.32
1020	0.41
1021	0.09
1022	0.26
1023	0.25
1024	0.37
1025	0.13
1026	0.22
1027	0.27
1028	0.35
1029	0.14
1030	0.3
1031	0.28
1032	0.39
1033	0.23
1034	0.17
1035	0.24
1036	0.31
1037	0.13
1038	0.23
1039	0.35
1040	0.19
1041	0.17
1042	0.21
1043	0.16
1044	0.39
1045	0.27
1046	0.3
1047	0.21
1048	0.25
1049	0.14
1050	0.18
1051	0.35
1052	0.34
1053	0.21
1054	0.23
1055	0.27
1056	0.16
1057	0.44
1058	0.46
1059	0.34
1060	0.28
1061	0.21
1062	0.32
1063	0.15
1064	0.29
1065	0.45
1066	0.31
1067	0.23
1068	0.23
1069	0.22
1070	0.24
1071	0.19
1072	0.06
1073	0.32
1074	0.24
1075	0.28
1076	0.39
1077	0.31
1078	0.21
1079	0.18
1080	0.36
1081	0.29
1082	0.4
1083	0.3
1084	0.28
1085	0.11
1086	0.3
1087	0.24
1088	0.27
1089	0.27
1090	0.32
1091	0.12
1092	0.23
1093	0.28
1094	0.35
1095	0.1
1096	0.18
1097	0.38
1098	0.1
1099	0.38
1100	0.15
1101	0.07
1102	0.2
1103	0.01
1104	0.16
1105	0.25
1106	0.2
1107	0.47
1108	0.2
1109	0.23
1110	0.3
1111	0.54
1112	0.12
1113	0.28
1114	0.14
1115	0.42
1116	0.2
1117	0.32
1118	0.38
1119	0.29
1120	0.31
1121	0.28
1122	0.1
1123	0.33
1124	0.26
1125	0.19
1126	0.39
1127	0.07
1128	0.29
1129	0.18
1130	0.18
1131	0.08
1132	0.44
1133	0.29
1134	0.21
1135	0.38
1136	0.25
1137	0.14
1138	0.31
1139	0.34
1140	0.28
1141	0.13
1142	0.14
1143	0.29
1144	0.31
1145	0.31
1146	0.21
1147	0.02
1148	0.25
1149	0.19
1150	0.18
1151	0.12
1152	0.19
1153	0.2
1154	0.32
1155	0.3
1156	0.08
1157	0.4
1158	0.26
1159	0.45
1160	0.19
1161	0.34
1162	0.29
1163	0.33
1164	0.3
1165	0.39
1166	0.36
1167	0.27
1168	0.01
1169	0.21
1170	0.3
1171	0.23
1172	0.34
1173	0.28
1174	0.15
1175	0.19
1176	0.13
1177	0.34
1178	0.37
1179	0.24
1180	0.11
1181	0.31
1182	0.17
1183	0.28
1184	0.45
1185	0.27
1186	0.34
1187	0.13
1188	0.38
1189	0.19
1190	0.34
1191	0.33
1192	0.22
1193	0.17
1194	0.41
1195	0.16
1196	0.07
1197	0.36
1198	0.5
1199	0.33
1200	0.26
1201	0.19
1202	0.19
1203	0.16
1204	0.17
1205	0.19
1206	0.31
1207	0.06
1208	0.34
1209	0.17
1210	0.11
1211	0.25
1212	0.12
1213	0.46
1214	0.29
1215	0.19
1216	0.3
1217	0.28
1218	0.33
1219	0.24
1220	0.38
1221	0.08
1222	0.06
1223	0.08
1224	0.37
1225	0.16
1226	0.23
1227	0.21
1228	0.32
1229	0.31
1230	0.2
1231	0.35
1232	0.33
1233	0.24
1234	0.22
1235	0.32
1236	0.4
1237	0.27
1238	0.3
1239	0.21
1240	0.24
1241	0.5
1242	0.29
1243	0.25
1244	0.39
1245	0.24
1246	0.25
1247	0.2
1248	0.18
1249	0.31
1250	0.41
1251	0.34
1252	0.19
1253	0.2
1254	0.29
1255	0.27
1256	0.21
1257	0.32
1258	0.29
1259	0.41
1260	0.23
1261	0.17
1262	0.43
1263	0.23
1264	0.3
1265	0.23
1266	0.14
1267	0.3
1268	0.28
1269	0.21
1270	0.26
1271	0.01
1272	0.17
1273	0.15
1274	0.14
1275	0.33
1276	0.22
1277	0.19
1278	0.36
1279	0.44
1280	0.26
1281	0.2
1282	0.06
1283	0.27
1284	0.14
1285	0.13
1286	0.25
1287	0.14
1288	0.16
1289	0.09
1290	0.34
1291	0.18
1292	0.39
1293	0.22
1294	0.22
1295	0.31
1296	0.25
1297	0.21
1298	0.32
1299	0.01
1300	0.13
1301	0.24
1302	0.3
1303	0.29
1304	0.33
1305	0.1
1306	0.08
1307	0.19
1308	0.24
1309	0.14
1310	0.29
1311	0.4
1312	0.19
1313	0.29
1314	0.25
1315	0.2
1316	0.14
1317	0.3
1318	0.26
1319	0.18
1320	0.37
1321	0.38
1322	0.27
1323	0.26
1324	0.2
1325	0.17
1326	0.24
1327	0.31
1328	0.2
1329	0.34
1330	0.26
1331	0.26
1332	0.26
1333	0.16
1334	0.49
1335	0.21
1336	0.41
1337	0.34
1338	0.38
1339	0.22
1340	0.29
1341	0.09
1342	0.26
1343	0.29
1344	0.37
1345	0.16
1346	0.26
1347	0.31
1348	0.19
1349	0.01
1350	0.24
1351	0.15
1352	0.25
1353	0.29
1354	0.26
1355	0.22
1356	0.41
1357	0.14
1358	0.44
1359	0.18
1360	0.19
1361	0.31
1362	0.23
1363	0.27
1364	0.3
1365	0.24
1366	0.33
1367	0.27
1368	0.36
1369	0.26
1370	0.23
1371	0.37
1372	0.27
1373	0.42
1374	0.26
1375	0.08
1376	0.24
1377	0.28
1378	0.35
1379	0.26
1380	0.18
1381	0.26
1382	0.22
1383	0.21
1384	0.24
1385	0.19
1386	0.26
1387	0.1
1388	0.12
1389	0.27
1390	0.26
1391	0.31
1392	0.27
1393	0.22
1394	0.36
1395	0.32
1396	0.27
1397	0.24
1398	0.15
1399	0.24
1400	0.24
1401	0.23
1402	0.4
1403	0.1
1404	0.32
1405	0.34
1406	0.29
1407	0.25
1408	0.23
1409	0.3
1410	0.27
1411	0.28
1412	0.15
1413	0.34
1414	0.24
1415	0.41
1416	0.2
1417	0.3
1418	0.3
1419	0.17
1420	0.36
1421	0.28
1422	0.22
1423	0.22
1424	0.16
1425	0.15
1426	0.01
1427	0.35
1428	0.15
1429	0.09
1430	0.26
1431	0.21
1432	0.31
1433	0.28
1434	0.31
1435	0.27
1436	0.22
1437	0.29
1438	0.22
1439	0.32
1440	0.35
1441	0.33
1442	0.15
1443	0.28
1444	0.05
1445	0.3
1446	0.39
1447	0.23
1448	0.23
1449	0.18
1450	0.24
1451	0.27
1452	0.13
1453	0.26
1454	0.27
1455	0.28
1456	0.4
1457	0.12
1458	0.28
1459	0.18
1460	0.39
1461	0.2
1462	0.27
1463	0.24
1464	0.42
1465	0.23
1466	0.1
1467	0.11
1468	0.27
1469	0.4
1470	0.24
1471	0.12
1472	0.33
1473	0.13
1474	0.16
1475	0.11
1476	0.39
1477	0.46
1478	0.18
1479	0.29
1480	0.26
1481	0.08
1482	0.3
1483	0.23
1484	0.35
1485	0.22
1486	0.19
1487	0.25
1488	0.25
1489	0.33
1490	0.28
1491	0.48
1492	0.28
1493	0.36
1494	0.28
1495	0.24
1496	0.12
1497	0.51
1498	0.3
1499	0.18
1500	0.23
1501	0.21
1502	0.31
1503	0.22
1504	0.4
1505	0.1
1506	0.23
1507	0.5
1508	0.38
1509	0.22
1510	0.36
1511	0.41
1512	0.35
1513	0.22
1514	0.25
1515	0.11
1516	0.43
1517	0.3
1518	0.22
1519	0.2
1520	0.22
1521	0.28
1522	0.32
1523	0.28
1524	0.32
1525	0.24
1526	0.26
1527	0.12
1528	0.19
1529	0.25
1530	0.3
1531	0.17
1532	0.18
1533	0.19
1534	0.38
1535	0.12
1536	0.19
1537	0.18
1538	0.59
1539	0.27
1540	0.01
1541	0.26
1542	0.16
1543	0.23
1544	0.25
1545	0.08
1546	0.21
1547	0.36
1548	0.38
1549	0.12
1550	0.18
1551	0.18
1552	0.33
1553	0.1
1554	0.22
1555	0.09
1556	0.27
1557	0.32
1558	0.13
1559	0.42
1560	0.28
1561	0.23
1562	0.25
1563	0.24
1564	0.22
1565	0.11
1566	0.23
1567	0.33
1568	0.27
1569	0.26
1570	0.15
1571	0.27
1572	0.3
1573	0.31
1574	0.18
1575	0.3
1576	0.12
1577	0.32
1578	0.17
1579	0.29
1580	0.35
1581	0.19
1582	0.23
1583	0.01
1584	0.22
1585	0.23
1586	0.44
1587	0.36
1588	0.18
1589	0.15
1590	0.31
1591	0.34
1592	0.26
1593	0.38
1594	0.2
1595	0.13
1596	0.17
1597	0.26
1598	0.11
1599	0.34
1600	0.28
1601	0.08
1602	0.28
1603	0.14
1604	0.27
1605	0.3
1606	0.19
1607	0.51
1608	0.23
1609	0.24
1610	0.29
1611	0.06
1612	0.06
1613	0.23
1614	0.28
1615	0.17
1616	0.3
1617	0.17
1618	0.14
1619	0.26
1620	0.29
1621	0.22
1622	0.19
1623	0.13
1624	0.36
1625	0.28
1626	0.11
1627	0.03
1628	0.2
1629	0.15
1630	0.21
1631	0.23
1632	0.35
1633	0.38
1634	0.16
1635	0.43
1636	0.09
1637	0.21
1638	0.28
1639	0.42
1640	0.33
1641	0.31
1642	0.01
1643	0.34
1644	0.29
1645	0.16
1646	0.41
1647	0.27
1648	0.06
1649	0.19
1650	0.3
1651	0.22
1652	0.26
1653	0.34
1654	0.42
1655	0.25
1656	0.04
1657	0.3
1658	0.22
1659	0.15
1660	0.27
1661	0.28
1662	0.43
1663	0.33
1664	0.14
1665	0.26
1666	0.14
1667	0.14
1668	0.17
1669	0.41
1670	0.27
1671	0.11
1672	0.22
1673	0.19
1674	0.08
1675	0.29
1676	0.2
1677	0.41
1678	0.29
1679	0.2
1680	0.19
1681	0.33
1682	0.25
1683	0.22
1684	0.21
1685	0.19
1686	0.31
1687	0.28
1688	0.48
1689	0.41
1690	0.39
1691	0.21
1692	0.36
1693	0.14
1694	0.26
1695	0.25
1696	0.28
1697	0.31
1698	0.32
1699	0.15
1700	0.24
1701	0.16
1702	0.33
1703	0.25
1704	0.25
1705	0.21
1706	0.15
1707	0.14
1708	0.32
1709	0.2
1710	0.2
1711	0.29
1712	0.3
1713	0.28
1714	0.28
1715	0.27
1716	0.26
1717	0.34
1718	0.13
1719	0.24
1720	0.16
1721	0.34
1722	0.1
1723	0.17
1724	0.27
1725	0.15
1726	0.17
1727	0.14
1728	0.24
1729	0.22
1730	0.16
1731	0.13
1732	0.36
1733	0.3
1734	0.15
1735	0.18
1736	0.22
1737	0.07
1738	0.3
1739	0.16
1740	0.44
1741	0.12
1742	0.39
1743	0.24
1744	0.33
1745	0.18
1746	0.27
1747	0.39
1748	0.27
1749	0.41
1750	0.29
1751	0.12
1752	0.13
1753	0.28
1754	0.37
1755	0.28
1756	0.22
1757	0.38
1758	0.12
1759	0.17
1760	0.37
1761	0.19
1762	0.26
1763	0.28
1764	0.23
1765	0.11
1766	0.17
1767	0.13
1768	0.17
1769	0.29
1770	0.38
1771	0.17
1772	0.29
1773	0.34
1774	0.27
1775	0.3
1776	0.34
1777	0.27
1778	0.23
1779	0.15
1780	0.3
1781	0.33
1782	0.19
1783	0.25
1784	0.11
1785	0.25
1786	0.38
1787	0.36
1788	0.24
1789	0.26
1790	0.21
1791	0.2
1792	0.11
1793	0.17
1794	0.3
1795	0.03
1796	0.3
1797	0.21
1798	0.43
1799	0.24
1800	0.33
1801	0.2
1802	0.1
1803	0.42
1804	0.05
1805	0.2
1806	0.38
1807	0.16
1808	0.34
1809	0.17
1810	0.19
1811	0.28
1812	0.39
1813	0.17
1814	0.29
1815	0.34
1816	0.13
1817	0.13
1818	0.29
1819	0.29
1820	0.04
1821	0.23
1822	0.19
1823	0.24
1824	0.19
1825	0.25
1826	0.34
1827	0.47
1828	0.11
1829	0.29
1830	0.27
1831	0.31
1832	0.21
1833	0.14
1834	0.23
1835	0.09
1836	0.19
1837	0.2
1838	0.27
1839	0.19
1840	0.26
1841	0.14
1842	0.18
1843	0.23
1844	0.27
1845	0.29
1846	0.18
1847	0.22
1848	0.09
1849	0.1
1850	0.38
1851	0.11
1852	0.17
1853	0.27
1854	0.22
1855	0.23
1856	0.33
1857	0.41
1858	0.32
1859	0.29
1860	0.38
1861	0.08
1862	0.34
1863	0.29
1864	0.29
1865	0.24
1866	0.23
1867	0.21
1868	0.4
1869	0.12
1870	0.39
1871	0.34
1872	0.34
1873	0.24
1874	0.22
1875	0.27
1876	0.15
1877	0.16
1878	0.05
1879	0.25
1880	0.43
1881	0.2
1882	0.24
1883	0.35
1884	0.22
1885	0.22
1886	0.01
1887	0.48
1888	0.3
1889	0.27
1890	0.33
1891	0.26
1892	0.41
1893	0.4
1894	0.27
1895	0.28
1896	0.08
1897	0.26
1898	0.46
1899	0.23
1900	0.44
1901	0.08
1902	0.31
1903	0.29
1904	0.21
1905	0.45
1906	0.33
1907	0.01
1908	0.44
1909	0.39
1910	0.06
1911	0.09
1912	0.31
1913	0.28
1914	0.15
1915	0.32
1916	0.36
1917	0.22
1918	0.26
1919	0.11
1920	0.09
1921	0.03
1922	0.24
1923	0.29
1924	0.3
1925	0.25
1926	0.2
1927	0.22
1928	0.22
1929	0.31
1930	0.21
1931	0.16
1932	0.27
1933	0.23
1934	0.18
1935	0.36
1936	0.26
1937	0.17
1938	0.21
1939	0.33
1940	0.1
1941	0.36
1942	0.46
1943	0.23
1944	0.12
1945	0.21
1946	0.34
1947	0.12
1948	0.09
1949	0.25
1950	0.3
1951	0.34
1952	0.23
1953	0.13
1954	0.26
1955	0.25
1956	0.22
1957	0.37
1958	0.3
1959	0.18
1960	0.22
1961	0.39
1962	0.2
1963	0.34
1964	0.16
1965	0.31
1966	0.2
1967	0.26
1968	0.36
1969	0.19
1970	0.21
1971	0.21
1972	0.16
1973	0.43
1974	0.35
1975	0.24
1976	0.19
1977	0.17
1978	0.27
1979	0.32
1980	0.2
1981	0.3
1982	0.43
1983	0.17
1984	0.36
1985	0.06
1986	0.27
1987	0.33
1988	0.32
1989	0.31
1990	0.19
1991	0.34
1992	0.22
1993	0.34
1994	0.18
1995	0.34
1996	0.15
1997	0.2
1998	0.25
1999	0.15
2000	0.21
2001	0.42
2002	0.23
2003	0.28
2004	0.2
2005	0.15
2006	0.33
2007	0.15
2008	0.14
2009	0.33
2010	0.14
2011	0.1
2012	0.34
2013	0.3
2014	0.18
2015	0.35
2016	0.06
2017	0.34
2018	0.19
2019	0.37
2020	0.18
2021	0.25
2022	0.12
2023	0.06
2024	0.33
2025	0.19
2026	0.27
2027	0.16
2028	0.2
2029	0.29
2030	0.29
2031	0.13
2032	0.22
2033	0.19
2034	0.38
2035	0.47
2036	0.38
2037	0.09
2038	0.37
2039	0.2
2040	0.22
2041	0.19
2042	0.19
2043	0.36
2044	0.16
2045	0.05
2046	0.21
2047	0.12
2048	0.12
2049	0.36
2050	0.38
2051	0.14
2052	0.36
2053	0.35
2054	0.4
2055	0.17
2056	0.33
2057	0.18
2058	0.26
2059	0.19
2060	0.31
2061	0.12
2062	0.26
2063	0.19
2064	0.09
2065	0.28
2066	0.26
2067	0.31
2068	0.22
2069	0.09
2070	0.13
2071	0.27
2072	0.28
2073	0.39
2074	0.13
2075	0.35
2076	0.37
2077	0.42
2078	0.18
2079	0.2
2080	0.18
2081	0.43
2082	0.31
2083	0.2
2084	0.44
2085	0.32
2086	0.43
2087	0.04
2088	0.3
2089	0.34
2090	0.23
2091	0.26
2092	0.33
2093	0.2
2094	0.18
2095	0.09
2096	0.23
2097	0.24
2098	0.36
2099	0.31
2100	0.28
2101	0.15
2102	0.23
2103	0.14
2104	0.25
2105	0.29
2106	0.33
2107	0.23
2108	0.29
2109	0.49
2110	0.24
2111	0.22
2112	0.24
2113	0.28
2114	0.2
2115	0.21
2116	0.21
2117	0.33
2118	0.2
2119	0.18
2120	0.18
2121	0.3
2122	0.43
2123	0.31
2124	0.21
2125	0.39
2126	0.09
2127	0.11
2128	0.29
2129	0.32
2130	0.33
2131	0.35
2132	0.13
2133	0.2
2134	0.48
2135	0.34
2136	0.34
2137	0.3
2138	0.34
2139	0.41
2140	0.26
2141	0.42
2142	0.26
2143	0.23
2144	0.31
2145	0.34
2146	0.33
2147	0.26
2148	0.28
2149	0.02
2150	0.32
2151	0.17
2152	0.4
2153	0.34
2154	0.22
2155	0.43
2156	0.3
2157	0.28
2158	0.26
2159	0.24
2160	0.31
2161	0.07
2162	0.16
2163	0.23
2164	0.46
2165	0.35
2166	0.32
2167	0.19
2168	0.33
2169	0.19
2170	0.22
2171	0.22
2172	0.22
2173	0.16
2174	0.25
2175	0.35
2176	0.33
2177	0.08
2178	0.37
2179	0.07
2180	0.1
2181	0.18
2182	0.28
2183	0.21
2184	0.21
2185	0.01
2186	0.39
2187	0.15
2188	0.23
2189	0.32
2190	0.14
2191	0.21
2192	0.2
2193	0.07
2194	0.17
2195	0.25
2196	0.34
2197	0.53
2198	0.12
2199	0.31
2200	0.22
2201	0.3
2202	0.12
2203	0.33
2204	0.21
2205	0.33
2206	0.37
2207	0.28
2208	0.28
2209	0.33
2210	0.18
2211	0.37
2212	0.1
2213	0.18
2214	0.18
2215	0.47
2216	0.24
2217	0.34
2218	0.18
2219	0.2
2220	0.46
2221	0.12
2222	0.36
2223	0.1
2224	0.4
2225	0.27
2226	0.35
2227	0.37
2228	0.39
2229	0.19
2230	0.1
2231	0.27
2232	0.24
2233	0.28
2234	0.25
2235	0.07
2236	0.15
2237	0.39
2238	0.03
2239	0.35
2240	0.19
2241	0.38
2242	0.38
2243	0.3
2244	0.08
2245	0.22
2246	0.38
2247	0.23
2248	0.15
2249	0.32
2250	0.38
2251	0.32
2252	0.44
2253	0.19
2254	0.48
2255	0.39
2256	0.36
2257	0.27
2258	0.26
2259	0.51
2260	0.46
2261	0.31
2262	0.14
2263	0.26
2264	0.31
2265	0.14
2266	0.3
2267	0.21
2268	0.29
2269	0.31
2270	0.04
2271	0.25
2272	0.19
2273	0.39
2274	0.08
2275	0.21
2276	0.36
2277	0.29
2278	0.34
2279	0.29
2280	0.29
2281	0.23
2282	0.32
2283	0.27
2284	0.23
2285	0.26
2286	0.18
2287	0.3
2288	0.19
2289	0.28
2290	0.27
2291	0.28
2292	0.25
2293	0.23
2294	0.43
2295	0.27
2296	0.22
2297	0.32
2298	0.33
2299	0.22
2300	0.06
2301	0.29
2302	0.17
2303	0.29
2304	0.36
2305	0.28
2306	0.3
2307	0.32
2308	0.35
2309	0.15
2310	0.23
2311	0.13
2312	0.1
2313	0.05
2314	0.13
2315	0.12
2316	0.21
2317	0.14
2318	0.29
2319	0.2
2320	0.28
2321	0.24
2322	0.29
2323	0.07
2324	0.25
2325	0.34
2326	0.41
2327	0.31
2328	0.22
2329	0.26
2330	0.35
2331	0.27
2332	0.23
2333	0.15
2334	0.25
2335	0.23
2336	0.28
2337	0.31
2338	0.07
2339	0.31
2340	0.19
2341	0.28
2342	0.37
2343	0.39
2344	0.15
2345	0.26
2346	0.2
2347	0.28
2348	0.35
2349	0.25
2350	0.2
2351	0.26
2352	0.24
2353	0.39
2354	0.44
2355	0.15
2356	0.19
2357	0.24
2358	0.22
2359	0.41
2360	0.42
2361	0.33
2362	0.39
2363	0.35
2364	0.29
2365	0.18
2366	0.22
2367	0.27
2368	0.37
2369	0.3
2370	0.11
2371	0.27
2372	0.18
2373	0.18
2374	0.36
2375	0.22
2376	0.18
2377	0.3
2378	0.32
2379	0.36
2380	0.31
2381	0.22
2382	0.44
2383	0.27
2384	0.33
2385	0.07
2386	0.14
2387	0.16
2388	0.1
2389	0.07
2390	0.31
2391	0.11
2392	0.3
2393	0.19
2394	0.01
2395	0.04
2396	0.45
2397	0.44
2398	0.47
2399	0.25
2400	0.37
2401	0.38
2402	0.23
2403	0.26
2404	0.32
2405	0.39
2406	0.28
2407	0.22
2408	0.27
2409	0.24
2410	0.31
2411	0.04
2412	0.09
2413	0.4
2414	0.24
2415	0.22
2416	0.25
2417	0.16
2418	0.35
2419	0.28
2420	0.25
2421	0.03
2422	0.23
2423	0.28
2424	0.17
2425	0.17
2426	0.17
2427	0.15
2428	0.22
2429	0.31
2430	0.28
2431	0.35
2432	0.25
2433	0.3
2434	0.11
2435	0.01
2436	0.45
2437	0.26
2438	0.24
2439	0.22
2440	0.17
2441	0.27
2442	0.16
2443	0.26
2444	0.28
2445	0.21
2446	0.04
2447	0.27
2448	0.21
2449	0.32
2450	0.19
2451	0.09
2452	0.2
2453	0.25
2454	0.16
2455	0.37
2456	0.13
2457	0.15
2458	0.32
2459	0.29
2460	0.16
2461	0.34
2462	0.18
2463	0.23
2464	0.44
2465	0.27
2466	0.27
2467	0.25
2468	0.4
2469	0.41
2470	0.36
2471	0.33
2472	0.29
2473	0.07
2474	0.31
2475	0.21
2476	0.23
2477	0.27
2478	0.17
2479	0.24
2480	0.23
2481	0.15
2482	0.18
2483	0.27
2484	0.31
2485	0.33
2486	0.25
2487	0.34
2488	0.32
2489	0.25
2490	0.33
2491	0.08
2492	0.18
2493	0.25
2494	0.32
2495	0.21
2496	0.23
2497	0.33
2498	0.23
2499	0.09
2500	0.47
2501	0.2
2502	0.18
2503	0.27
2504	0.31
2505	0.17
2506	0.21
2507	0.2
2508	0.37
2509	0.17
2510	0.22
2511	0.25
2512	0.33
2513	0.28
2514	0.23
2515	0.17
2516	0.29
2517	0.33
2518	0.29
2519	0.27
2520	0.22
2521	0.17
2522	0.11
2523	0.14
2524	0.16
2525	0.26
2526	0.43
2527	0.33
2528	0.2
2529	0.22
2530	0.21
2531	0.24
2532	0.07
2533	0.21
2534	0.23
2535	0.21
2536	0.28
2537	0.22
2538	0.27
2539	0.26
2540	0.3
2541	0.3
2542	0.28
2543	0.37
2544	0.34
2545	0.18
2546	0.29
2547	0.4
2548	0.26
2549	0.23
2550	0.27
2551	0.45
2552	0.08
2553	0.47
2554	0.29
2555	0.13
2556	0.18
2557	0.17
2558	0.19
2559	0.16
2560	0.12
2561	0.11
2562	0.35
2563	0.18
2564	0.27
2565	0.41
2566	0.41
2567	0.15
2568	0.15
2569	0.07
2570	0.2
2571	0.17
2572	0.35
2573	0.1
2574	0.14
2575	0.26
2576	0.37
2577	0.17
2578	0.18
2579	0.27
2580	0.29
2581	0.24
2582	0.33
2583	0.28
2584	0.33
2585	0.32
2586	0.31
2587	0.2
2588	0.33
2589	0.39
2590	0.15
2591	0.11
2592	0.18
2593	0.24
2594	0.2
2595	0.19
2596	0.4
2597	0.24
2598	0.21
2599	0.26
2600	0.21
2601	0.06
2602	0.23
2603	0.28
2604	0.37
2605	0.23
2606	0.18
2607	0.23
2608	0.35
2609	0.18
2610	0.24
2611	0.22
2612	0.36
2613	0.31
2614	0.24
2615	0.33
2616	0.22
2617	0.29
2618	0.46
2619	0.14
2620	0.19
2621	0.28
2622	0.3
2623	0.06
2624	0.16
2625	0.25
2626	0.12
2627	0.21
2628	0.35
2629	0.36
2630	0.32
2631	0.28
2632	0.14
2633	0.28
2634	0.27
2635	0.18
2636	0.11
2637	0.34
2638	0.03
2639	0.37
2640	0.27
2641	0.04
2642	0.56
2643	0.15
2644	0.31
2645	0.29
2646	0.1
2647	0.53
2648	0.34
2649	0.2
2650	0.3
2651	0.16
2652	0.14
2653	0.33
2654	0.21
2655	0.36
2656	0.31
2657	0.23
2658	0.32
2659	0.12
2660	0.15
2661	0.07
2662	0.15
2663	0.3
2664	0.3
2665	0.38
2666	0.3
2667	0.34
2668	0.22
2669	0.32
2670	0.38
2671	0.32
2672	0.15
2673	0.19
2674	0.23
2675	0.26
2676	0.3
2677	0.15
2678	0.13
2679	0.23
2680	0.28
2681	0.41
2682	0.41
2683	0.35
2684	0.38
2685	0.17
2686	0.17
2687	0.27
2688	0.21
2689	0.07
2690	0.29
2691	0.18
2692	0.29
2693	0.23
2694	0.51
2695	0.3
2696	0.19
2697	0.25
2698	0.14
2699	0.33
2700	0.19
2701	0.18
2702	0.16
2703	0.3
2704	0.21
2705	0.29
2706	0.18
2707	0.29
2708	0.15
2709	0.41
2710	0.31
2711	0.28
2712	0.16
2713	0.34
2714	0.29
2715	0.23
2716	0.18
2717	0.21
2718	0.39
2719	0.35
2720	0.16
2721	0.43
2722	0.44
2723	0.04
2724	0.29
2725	0.23
2726	0.22
2727	0.1
2728	0.35
2729	0.2
2730	0.3
2731	0.36
2732	0.39
2733	0.09
2734	0.14
2735	0.26
2736	0.3
2737	0.26
2738	0.04
2739	0.24
2740	0.26
2741	0.17
2742	0.22
2743	0.28
2744	0.1
2745	0.36
2746	0.23
2747	0.31
2748	0.13
2749	0.01
2750	0.28
2751	0.32
2752	0.29
2753	0.27
2754	0.18
2755	0.32
2756	0.22
2757	0.36
2758	0.13
2759	0.39
2760	0.36
2761	0.14
2762	0.27
2763	0.12
2764	0.27
2765	0.35
2766	0.24
2767	0.18
2768	0.33
2769	0.21
2770	0.17
2771	0.36
2772	0.21
2773	0.28
2774	0.27
2775	0.15
2776	0.19
2777	0.2
2778	0.26
2779	0.41
2780	0.2
2781	0.08
2782	0.4
2783	0.45
2784	0.32
2785	0.36
2786	0.2
2787	0.22
2788	0.3
2789	0.26
2790	0.25
2791	0.41
2792	0.38
2793	0.2
2794	0.39
2795	0.3
2796	0.23
2797	0.22
2798	0.37
2799	0.38
2800	0.22
2801	0.38
2802	0.24
2803	0.43
2804	0.5
2805	0.28
2806	0.16
2807	0.53
2808	0.26
2809	0.25
2810	0.23
2811	0.07
2812	0.42
2813	0.2
2814	0.25
2815	0.3
2816	0.24
2817	0.32
2818	0.13
2819	0.13
2820	0.15
2821	0.34
2822	0.37
2823	0.34
2824	0.27
2825	0.05
2826	0.26
2827	0.18
2828	0.21
2829	0.2
2830	0.06
2831	0.07
2832	0.15
2833	0.21
2834	0.41
2835	0.25
2836	0.21
2837	0.23
2838	0.36
2839	0.19
2840	0.32
2841	0.19
2842	0.27
2843	0.37
2844	0.2
2845	0.45
2846	0.15
2847	0.18
2848	0.29
2849	0.3
2850	0.28
2851	0.32
2852	0.27
2853	0.3
2854	0.1
2855	0.19
2856	0.15
2857	0.16
2858	0.43
2859	0.15
2860	0.39
2861	0.32
2862	0.49
2863	0.25
2864	0.41
2865	0.24
2866	0.29
2867	0.2
2868	0.25
2869	0.26
2870	0.15
2871	0.13
2872	0.18
2873	0.35
2874	0.25
2875	0.23
2876	0.25
2877	0.16
2878	0.24
2879	0.44
2880	0.3
2881	0.34
2882	0.33
2883	0.31
2884	0.25
2885	0.42
2886	0.4
2887	0.36
2888	0.42
2889	0.31
2890	0.19
2891	0.13
2892	0.27
2893	0.32
2894	0.17
2895	0.28
2896	0.12
2897	0.24
2898	0.24
2899	0.22
2900	0.13
2901	0.12
2902	0.23
2903	0.04
2904	0.11
2905	0.25
2906	0.13
2907	0.23
2908	0.33
2909	0.12
2910	0.23
2911	0.36
2912	0.08
2913	0.32
2914	0.23
2915	0.23
2916	0.21
2917	0.28
2918	0.3
2919	0.09
2920	0.26
2921	0.32
2922	0.25
2923	0.38
2924	0.23
2925	0.21
2926	0.4
2927	0.25
2928	0.33
2929	0.19
2930	0.37
2931	0.42
2932	0.04
2933	0.19
2934	0.25
2935	0.25
2936	0.57
2937	0.34
2938	0.15
2939	0.27
2940	0.32
2941	0.29
2942	0.05
2943	0.19
2944	0.4
2945	0.38
2946	0.13
2947	0.16
2948	0.22
2949	0.14
2950	0.06
2951	0.08
2952	0.28
2953	0.22
2954	0.21
2955	0.01
2956	0.28
2957	0.23
2958	0.09
2959	0.38
2960	0.24
2961	0.07
2962	0.36
2963	0.22
2964	0.19
2965	0.19
2966	0.25
2967	0.38
2968	0.35
2969	0.32
2970	0.18
2971	0.12
2972	0.25
2973	0.23
2974	0.1
2975	0.21
2976	0.17
2977	0.29
2978	0.13
2979	0.28
2980	0.23
2981	0.16
2982	0.25
2983	0.25
2984	0.33
2985	0.34
2986	0.16
2987	0.47
2988	0.23
2989	0.28
2990	0.25
2991	0.35
2992	0.25
2993	0.13
2994	0.39
2995	0.17
2996	0.32
2997	0.16
2998	0.35
2999	0.27
3000	0.27
3001	0.01
3002	0.22
3003	0.44
3004	0.01
3005	0.19
3006	0.16
3007	0.09
3008	0.35
3009	0.38
3010	0.18
3011	0.32
3012	0.3
3013	0.01
3014	0.2
3015	0.4
3016	0.3
3017	0.28
3018	0.33
3019	0.31
3020	0.35
3021	0.34
3022	0.23
3023	0.12
3024	0.31
3025	0.11
3026	0.35
3027	0.43
3028	0.2
3029	0.21
3030	0.27
3031	0.21
3032	0.35
3033	0.35
3034	0.29
3035	0.19
3036	0.11
3037	0.07
3038	0.16
3039	0.2
3040	0.01
3041	0.36
3042	0.26
3043	0.17
3044	0.28
3045	0.36
3046	0.28
3047	0.35
3048	0.13
3049	0.24
3050	0.23
3051	0.38
3052	0.05
3053	0.43
3054	0.3
3055	0.41
3056	0.13
3057	0.2
3058	0.17
3059	0.33
3060	0.21
3061	0.18
3062	0.26
3063	0.27
3064	0.43
3065	0.33
3066	0.15
3067	0.19
3068	0.17
3069	0.3
3070	0.31
3071	0.24
3072	0.21
3073	0.27
3074	0.22
3075	0.2
3076	0.24
3077	0.32
3078	0.43
3079	0.25
3080	0.39
3081	0.15
3082	0.16
3083	0.35
3084	0.4
3085	0.43
3086	0.27
3087	0.13
3088	0.23
3089	0.28
3090	0.26
3091	0.21
3092	0.29
3093	0.37
3094	0.16
3095	0.41
3096	0.17
3097	0.37
3098	0.14
3099	0.2
3100	0.33
3101	0.26
3102	0.11
3103	0.21
3104	0.15
3105	0.31
3106	0.27
3107	0.26
3108	0.29
3109	0.31
3110	0.15
3111	0.17
3112	0.2
3113	0.19
3114	0.18
3115	0.22
3116	0.23
3117	0.21
3118	0.3
3119	0.24
3120	0.23
3121	0.29
3122	0.43
3123	0.04
3124	0.29
3125	0.31
3126	0.16
3127	0.25
3128	0.39
3129	0.19
3130	0.26
3131	0.24
3132	0.53
3133	0.05
3134	0.19
3135	0.24
3136	0.35
3137	0.35
3138	0.28
3139	0.35
3140	0.38
3141	0.3
3142	0.23
3143	0.17
3144	0.26
3145	0.31
3146	0.34
3147	0.47
3148	0.22
3149	0.36
3150	0.05
3151	0.31
3152	0.24
3153	0.16
3154	0.21
3155	0.23
3156	0.27
3157	0.24
3158	0.15
3159	0.27
3160	0.21
3161	0.33
3162	0.25
3163	0.26
3164	0.33
3165	0.19
3166	0.27
3167	0.28
3168	0.33
3169	0.15
3170	0.15
3171	0.19
3172	0.3
3173	0.19
3174	0.43
3175	0.38
3176	0.34
3177	0.44
3178	0.11
3179	0.23
3180	0.13
3181	0.24
3182	0.15
3183	0.24
3184	0.19
3185	0.19
3186	0.32
3187	0.04
3188	0.28
3189	0.24
3190	0.23
3191	0.04
3192	0.21
3193	0.42
3194	0.21
3195	0.07
3196	0.22
3197	0.23
3198	0.41
3199	0.18
3200	0.18
3201	0.36
3202	0.26
3203	0.02
3204	0.24
3205	0.3
3206	0.3
3207	0.27
3208	0.31
3209	0.24
3210	0.42
3211	0.23
3212	0.35
3213	0.28
3214	0.14
3215	0.23
3216	0.28
3217	0.12
3218	0.08
3219	0.26
3220	0.25
3221	0.13
3222	0.09
3223	0.01
3224	0.05
3225	0.32
3226	0.3
3227	0.3
3228	0.23
3229	0.18
3230	0.22
3231	0.15
3232	0.23
3233	0.34
3234	0.28
3235	0.33
3236	0.22
3237	0.27
3238	0.34
3239	0.11
3240	0.24
3241	0.11
3242	0.28
3243	0.31
3244	0.29
3245	0.58
3246	0.32
3247	0.3
3248	0.16
3249	0.22
3250	0.25
3251	0.33
3252	0.36
3253	0.29
3254	0.17
3255	0.41
3256	0.1
3257	0.1
3258	0.35
3259	0.27
3260	0.2
3261	0.18
3262	0.37
3263	0.18
3264	0.27
3265	0.4
3266	0.39
3267	0.17
3268	0.33
3269	0.46
3270	0.17
3271	0.24
3272	0.25
3273	0.22
3274	0.37
3275	0.32
3276	0.41
3277	0.11
3278	0.35
3279	0.4
3280	0.14
3281	0.44
3282	0.28
3283	0.27
3284	0.45
3285	0.2
3286	0.21
3287	0.31
3288	0.24
3289	0.22
3290	0.18
3291	0.35
3292	0.26
3293	0.2
3294	0.22
3295	0.36
3296	0.33
3297	0.27
3298	0.09
3299	0.22
3300	0.12
3301	0.28
3302	0.23
3303	0.23
3304	0.09
3305	0.23
3306	0.42
3307	0.25
3308	0.18
3309	0.32
3310	0.29
3311	0.38
3312	0.24
3313	0.17
3314	0.44
3315	0.31
3316	0.27
3317	0.22
3318	0.15
3319	0.39
3320	0.32
3321	0.37
3322	0.32
3323	0.37
3324	0.25
3325	0.19
3326	0.22
3327	0.15
3328	0.36
3329	0.34
3330	0.08
3331	0.25
3332	0.05
3333	0.22
3334	0.24
3335	0.2
3336	0.03
3337	0.39
3338	0.31
3339	0.19
3340	0.35
3341	0.17
3342	0.18
3343	0.29
3344	0.27
3345	0.35
3346	0.19
3347	0.26
3348	0.35
3349	0.13
3350	0.38
3351	0.45
3352	0.33
3353	0.23
3354	0.23
3355	0.29
3356	0.16
3357	0.24
3358	0.22
3359	0.29
3360	0.17
3361	0.23
3362	0.12
3363	0.19
3364	0.39
3365	0.26
3366	0.21
3367	0.2
3368	0.11
3369	0.16
3370	0.29
3371	0.19
3372	0.13
3373	0.18
3374	0.3
3375	0.25
3376	0.28
3377	0.08
3378	0.39
3379	0.36
3380	0.37
3381	0.25
3382	0.32
3383	0.16
3384	0.55
3385	0.35
3386	0.26
3387	0.43
3388	0.22
3389	0.12
3390	0.28
3391	0.44
3392	0.25
3393	0.15
3394	0.11
3395	0.09
3396	0.22
3397	0.43
3398	0.43
3399	0.36
3400	0.49
3401	0.27
3402	0.08
3403	0.31
3404	0.34
3405	0.37
3406	0.27
3407	0.24
3408	0.3
3409	0.34
3410	0.31
3411	0.23
3412	0.35
3413	0.17
3414	0.27
3415	0.53
3416	0.1
3417	0.33
3418	0.2
3419	0.35
3420	0.31
3421	0.17
3422	0.34
3423	0.26
3424	0.24
3425	0.33
3426	0.21
3427	0.36
3428	0.41
3429	0.24
3430	0.22
3431	0.12
3432	0.36
3433	0.27
3434	0.18
3435	0.35
3436	0.15
3437	0.12
3438	0.11
3439	0.36
3440	0.31
3441	0.45
3442	0.26
3443	0.3
3444	0.42
3445	0.3
3446	0.25
3447	0.2
3448	0.35
3449	0.23
3450	0.13
3451	0.25
3452	0.21
3453	0.25
3454	0.34
3455	0.27
3456	0.19
3457	0.19
3458	0.33
3459	0.1
3460	0.36
3461	0.3
3462	0.26
3463	0.37
3464	0.39
3465	0.28
3466	0.21
3467	0.22
3468	0.21
3469	0.32
3470	0.36
3471	0.17
3472	0.17
3473	0.18
3474	0.01
3475	0.22
3476	0.2
3477	0.18
3478	0.36
3479	0.21
3480	0.19
3481	0.38
3482	0.34
3483	0.28
3484	0.15
3485	0.32
3486	0.19
3487	0.17
3488	0.36
3489	0.26
3490	0.38
3491	0.09
3492	0.09
3493	0.32
3494	0.22
3495	0.46
3496	0.26
3497	0.13
3498	0.29
3499	0.38
3500	0.24
3501	0.36
3502	0.36
3503	0.15
3504	0.16
3505	0.16
3506	0.41
3507	0.16
3508	0.4
3509	0.41
3510	0.18
3511	0.35
3512	0.2
3513	0.29
3514	0.11
3515	0.25
3516	0.24
3517	0.07
3518	0.21
3519	0.01
3520	0.26
3521	0.15
3522	0.32
3523	0.11
3524	0.24
3525	0.27
3526	0.3
3527	0.11
3528	0.25
3529	0.06
3530	0.25
3531	0.2
3532	0.12
3533	0.01
3534	0.37
3535	0.01
3536	0.23
3537	0.08
3538	0.03
3539	0.16
3540	0.26
3541	0.38
3542	0.21
3543	0.2
3544	0.14
3545	0.28
3546	0.16
3547	0.1
3548	0.38
3549	0.28
3550	0.24
3551	0.14
3552	0.4
3553	0.34
3554	0.19
3555	0.3
3556	0.23
3557	0.12
3558	0.19
3559	0.12
3560	0.01
3561	0.25
3562	0.24
3563	0.23
3564	0.29
3565	0.37
3566	0.53
3567	0.3
3568	0.3
3569	0.33
3570	0.15
3571	0.13
3572	0.21
3573	0.01
3574	0.28
3575	0.22
3576	0.34
3577	0.35
3578	0.43
3579	0.25
3580	0.22
3581	0.22
3582	0.06
3583	0.03
3584	0.27
3585	0.34
3586	0.12
3587	0.3
3588	0.34
3589	0.38
3590	0.18
3591	0.13
3592	0.38
3593	0.39
3594	0.34
3595	0.42
3596	0.13
3597	0.18
3598	0.27
3599	0.29
3600	0.22
3601	0.15
3602	0.17
3603	0.31
3604	0.34
3605	0.19
3606	0.01
3607	0.28
3608	0.29
3609	0.28
3610	0.38
3611	0.26
3612	0.12
3613	0.07
3614	0.22
3615	0.21
3616	0.12
3617	0.17
3618	0.15
3619	0.29
3620	0.26
3621	0.31
3622	0.39
3623	0.21
3624	0.17
3625	0.47
3626	0.33
3627	0.25
3628	0.21
3629	0.35
3630	0.24
3631	0.18
3632	0.01
3633	0.24
3634	0.45
3635	0.1
3636	0.18
3637	0.23
3638	0.25
3639	0.32
3640	0.41
3641	0.37
3642	0.41
3643	0.34
3644	0.08
3645	0.4
3646	0.16
3647	0.46
3648	0.26
3649	0.18
3650	0.19
3651	0.14
3652	0.32
3653	0.23
3654	0.2
3655	0.33
3656	0.26
3657	0.11
3658	0.41
3659	0.13
3660	0.41
3661	0.27
3662	0.27
3663	0.14
3664	0.19
3665	0.28
3666	0.15
3667	0.28
3668	0.18
3669	0.29
3670	0.18
3671	0.35
3672	0.31
3673	0.27
3674	0.4
3675	0.19
3676	0.01
3677	0.31
3678	0.43
3679	0.11
3680	0.21
3681	0.33
3682	0.11
3683	0.2
3684	0.22
3685	0.26
3686	0.25
3687	0.26
3688	0.34
3689	0.36
3690	0.18
3691	0.27
3692	0.31
3693	0.09
3694	0.14
3695	0.23
3696	0.26
3697	0.35
3698	0.18
3699	0.22
3700	0.27
3701	0.38
3702	0.52
3703	0.19
3704	0.24
3705	0.24
3706	0.21
3707	0.18
3708	0.25
3709	0.32
3710	0.24
3711	0.34
3712	0.2
3713	0.4
3714	0.03
3715	0.29
3716	0.26
3717	0.34
3718	0.34
3719	0.33
3720	0.2
3721	0.21
3722	0.35
3723	0.39
3724	0.2
3725	0.23
3726	0.34
3727	0.14
3728	0.34
3729	0.29
3730	0.19
3731	0.31
3732	0.34
3733	0.36
3734	0.16
3735	0.27
3736	0.36
3737	0.13
3738	0.19
3739	0.28
3740	0.2
3741	0.3
3742	0.16
3743	0.19
3744	0.42
3745	0.18
3746	0.22
3747	0.1
3748	0.16
3749	0.4
3750	0.16
3751	0.41
3752	0.19
3753	0.16
3754	0.51
3755	0.29
3756	0.16
3757	0.37
3758	0.06
3759	0.31
3760	0.11
3761	0.28
3762	0.24
3763	0.14
3764	0.31
3765	0.43
3766	0.16
3767	0.31
3768	0.34
3769	0.04
3770	0.26
3771	0.35
3772	0.19
3773	0.07
3774	0.23
3775	0.2
3776	0.16
3777	0.31
3778	0.29
3779	0.32
3780	0.26
3781	0.19
3782	0.25
3783	0.46
3784	0.31
3785	0.05
3786	0.36
3787	0.27
3788	0.23
3789	0.32
3790	0.28
3791	0.44
3792	0.21
3793	0.31
3794	0.31
3795	0.13
3796	0.12
3797	0.23
3798	0.31
3799	0.19
3800	0.37
3801	0.36
3802	0.1
3803	0.22
3804	0.21
3805	0.16
3806	0.21
3807	0.11
3808	0.34
3809	0.45
3810	0.01
3811	0.07
3812	0.36
3813	0.36
3814	0.18
3815	0.25
3816	0.45
3817	0.33
3818	0.32
3819	0.45
3820	0.14
3821	0.19
3822	0.26
3823	0.15
3824	0.2
3825	0.22
3826	0.29
3827	0.21
3828	0.23
3829	0.24
3830	0.3
3831	0.32
3832	0.08
3833	0.28
3834	0.31
3835	0.24
3836	0.27
3837	0.22
3838	0.23
3839	0.3
3840	0.21
3841	0.21
3842	0.25
3843	0.28
3844	0.28
3845	0.16
3846	0.24
3847	0.43
3848	0.32
3849	0.3
3850	0.3
3851	0.24
3852	0.08
3853	0.18
3854	0.34
3855	0.32
3856	0.22
3857	0.01
3858	0.31
3859	0.33
3860	0.37
3861	0.09
3862	0.05
3863	0.23
3864	0.38
3865	0.34
3866	0.25
3867	0.21
3868	0.25
3869	0.15
3870	0.27
3871	0.42
3872	0.24
3873	0.05
3874	0.25
3875	0.18
3876	0.21
3877	0.17
3878	0.18
3879	0.17
3880	0.23
3881	0.43
3882	0.21
3883	0.18
3884	0.28
3885	0.21
3886	0.26
3887	0.21
3888	0.13
3889	0.14
3890	0.27
3891	0.24
3892	0.19
3893	0.23
3894	0.3
3895	0.19
3896	0.1
3897	0.2
3898	0.22
3899	0.24
3900	0.27
3901	0.29
3902	0.31
3903	0.21
3904	0.19
3905	0.1
3906	0.27
3907	0.37
3908	0.22
3909	0.32
3910	0.28
3911	0.27
3912	0.16
3913	0.25
3914	0.22
3915	0.19
3916	0.12
3917	0.33
3918	0.23
3919	0.01
3920	0.27
3921	0.16
3922	0.33
3923	0.24
3924	0.33
3925	0.32
3926	0.32
3927	0.25
3928	0.46
3929	0.31
3930	0.17
3931	0.28
3932	0.03
3933	0.01
3934	0.11
3935	0.26
3936	0.21
3937	0.05
3938	0.19
3939	0.24
3940	0.31
3941	0.16
3942	0.14
3943	0.31
3944	0.22
3945	0.21
3946	0.37
3947	0.21
3948	0.35
3949	0.22
3950	0.24
3951	0.08
3952	0.27
3953	0.33
3954	0.18
3955	0.26
3956	0.28
3957	0.15
3958	0.05
3959	0.27
3960	0.28
3961	0.27
3962	0.41
3963	0.3
3964	0.39
3965	0.23
3966	0.24
3967	0.22
3968	0.18
3969	0.22
3970	0.35
3971	0.21
3972	0.24
3973	0.3
3974	0.2
3975	0.3
3976	0.27
3977	0.28
3978	0.25
3979	0.23
3980	0.2
3981	0.22
3982	0.22
3983	0.29
3984	0.2
3985	0.32
3986	0.12
3987	0.24
3988	0.07
3989	0.27
3990	0.26
3991	0.32
3992	0.42
3993	0.31
3994	0.34
3995	0.06
3996	0.24
3997	0.4
3998	0.25
3999	0.39
4000	0.16
4001	0.21
4002	0.23
4003	0.19
4004	0.17
4005	0.3
4006	0.27
4007	0.09
4008	0.29
4009	0.29
4010	0.2
4011	0.36
4012	0.25
4013	0.22
4014	0.23
4015	0.29
4016	0.33
4017	0.06
4018	0.31
4019	0.18
4020	0.01
4021	0.39
4022	0.24
4023	0.27
4024	0.22
4025	0.16
4026	0.15
4027	0.11
4028	0.25
4029	0.18
4030	0.22
4031	0.19
4032	0.27
4033	0.22
4034	0.13
4035	0.2
4036	0.27
4037	0.26
4038	0.21
4039	0.32
4040	0.25
4041	0.27
4042	0.23
4043	0.32
4044	0.12
4045	0.16
4046	0.45
4047	0.26
4048	0.38
4049	0.32
4050	0.41
4051	0.21
4052	0.21
4053	0.25
4054	0.37
4055	0.26
4056	0.01
4057	0.2
4058	0.2
4059	0.22
4060	0.24
4061	0.32
4062	0.42
4063	0.21
4064	0.29
4065	0.33
4066	0.18
4067	0.3
4068	0.29
4069	0.28
4070	0.42
4071	0.01
4072	0.05
4073	0.22
4074	0.19
4075	0.25
4076	0.26
4077	0.23
4078	0.35
4079	0.11
4080	0.33
4081	0.4
4082	0.33
4083	0.23
4084	0.28
4085	0.27
4086	0.34
4087	0.18
4088	0.09
4089	0.23
4090	0.11
4091	0.39
4092	0.2
4093	0.31
4094	0.17
4095	0.18
4096	0.27
4097	0.19
4098	0.4
4099	0.29
4100	0.37
4101	0.28
4102	0.29
4103	0.39
4104	0.01
4105	0.25
4106	0.33
4107	0.21
4108	0.27
4109	0.25
4110	0.32
4111	0.27
4112	0.3
4113	0.26
4114	0.26
4115	0.28
4116	0.37
4117	0.36
4118	0.19
4119	0.16
4120	0.28
4121	0.12
4122	0.15
4123	0.34
4124	0.12
4125	0.28
4126	0.26
4127	0.46
4128	0.19
4129	0.17
4130	0.19
4131	0.26
4132	0.34
4133	0.35
4134	0.17
4135	0.4
4136	0.4
4137	0.37
4138	0.34
4139	0.14
4140	0.32
4141	0.41
4142	0.13
4143	0.19
4144	0.32
4145	0.28
4146	0.29
4147	0.36
4148	0.15
4149	0.2
4150	0.25
4151	0.34
4152	0.16
4153	0.34
4154	0.02
4155	0.2
4156	0.41
4157	0.36
4158	0.15
4159	0.21
4160	0.21
4161	0.35
4162	0.15
4163	0.33
4164	0.34
4165	0.18
4166	0.35
4167	0.23
4168	0.38
4169	0.18
4170	0.35
4171	0.27
4172	0.13
4173	0.23
4174	0.21
4175	0.38
4176	0.26
4177	0.22
4178	0.33
4179	0.29
4180	0.21
4181	0.23
4182	0.16
4183	0.21
4184	0.19
4185	0.27
4186	0.27
4187	0.2
4188	0.2
4189	0.17
4190	0.36
4191	0.18
4192	0.27
4193	0.46
4194	0.3
4195	0.25
4196	0.16
4197	0.23
4198	0.22
4199	0.41
4200	0.29
4201	0.05
4202	0.04
4203	0.22
4204	0.28
4205	0.4
4206	0.32
4207	0.45
4208	0.21
4209	0.35
4210	0.23
4211	0.42
4212	0.23
4213	0.28
4214	0.31
4215	0.29
4216	0.34
4217	0.15
4218	0.25
4219	0.25
4220	0.13
4221	0.48
4222	0.3
4223	0.18
4224	0.36
4225	0.15
4226	0.28
4227	0.37
4228	0.31
4229	0.29
4230	0.39
4231	0.16
4232	0.19
4233	0.45
4234	0.23
4235	0.28
4236	0.35
4237	0.25
4238	0.23
4239	0.4
4240	0.19
4241	0.35
4242	0.35
4243	0.36
4244	0.31
4245	0.03
4246	0.23
4247	0.35
4248	0.23
4249	0.06
4250	0.19
4251	0.19
4252	0.19
4253	0.32
4254	0.19
4255	0.33
4256	0.31
4257	0.21
4258	0.26
4259	0.02
4260	0.45
4261	0.25
4262	0.07
4263	0.36
4264	0.22
4265	0.26
4266	0.32
4267	0.32
4268	0.21
4269	0.36
4270	0.27
4271	0.16
4272	0.24
4273	0.07
4274	0.27
4275	0.09
4276	0.2
4277	0.14
4278	0.22
4279	0.17
4280	0.24
4281	0.32
4282	0.24
4283	0.35
4284	0.16
4285	0.2
4286	0.24
4287	0.19
4288	0.29
4289	0.02
4290	0.24
4291	0.17
4292	0.2
4293	0.25
4294	0.21
4295	0.42
4296	0.34
4297	0.34
4298	0.18
4299	0.24
4300	0.39
4301	0.26
4302	0.34
4303	0.07
4304	0.29
4305	0.17
4306	0.26
4307	0.15
4308	0.32
4309	0.18
4310	0.17
4311	0.21
4312	0.42
4313	0.21
4314	0.22
4315	0.33
4316	0.33
4317	0.24
4318	0.25
4319	0.27
4320	0.28
4321	0.25
4322	0.23
4323	0.3
4324	0.06
4325	0.37
4326	0.08
4327	0.3
4328	0.24
4329	0.23
4330	0.25
4331	0.29
4332	0.19
4333	0.21
4334	0.3
4335	0.4
4336	0.29
4337	0.18
4338	0.16
4339	0.06
4340	0.26
4341	0.39
4342	0.03
4343	0.4
4344	0.17
4345	0.25
4346	0.23
4347	0.32
4348	0.32
4349	0.21
4350	0.34
4351	0.1
4352	0.01
4353	0.22
4354	0.28
4355	0.23
4356	0.33
4357	0.26
4358	0.33
4359	0.28
4360	0.26
4361	0.37
4362	0.32
4363	0.33
4364	0.29
4365	0.42
4366	0.29
4367	0.26
4368	0.22
4369	0.24
4370	0.38
4371	0.01
4372	0.15
4373	0.17
4374	0.34
4375	0.32
4376	0.15
4377	0.18
4378	0.01
4379	0.43
4380	0.23
4381	0.33
4382	0.16
4383	0.11
4384	0.34
4385	0.34
4386	0.29
4387	0.28
4388	0.17
4389	0.36
4390	0.01
4391	0.27
4392	0.25
4393	0.11
4394	0.2
4395	0.2
4396	0.29
4397	0.17
4398	0.02
4399	0.27
4400	0.27
4401	0.04
4402	0.47
4403	0.15
4404	0.41
4405	0.28
4406	0.3
4407	0.3
4408	0.12
4409	0.11
4410	0.38
4411	0.21
4412	0.23
4413	0.39
4414	0.26
4415	0.08
4416	0.34
4417	0.46
4418	0.32
4419	0.36
4420	0.07
4421	0.21
4422	0.25
4423	0.25
4424	0.39
4425	0.05
4426	0.35
4427	0.21
4428	0.24
4429	0.15
4430	0.29
4431	0.01
4432	0.15
4433	0.31
4434	0.32
4435	0.31
4436	0.15
4437	0.3
4438	0.31
4439	0.33
4440	0.22
4441	0.26
4442	0.52
4443	0.38
4444	0.2
4445	0.4
4446	0.4
4447	0.22
4448	0.26
4449	0.21
4450	0.22
4451	0.4
4452	0.27
4453	0.24
4454	0.18
4455	0.17
4456	0.16
4457	0.26
4458	0.17
4459	0.15
4460	0.16
4461	0.28
4462	0.37
4463	0.21
4464	0.1
4465	0.38
4466	0.04
4467	0.15
4468	0.09
4469	0.27
4470	0.21
4471	0.29
4472	0.21
4473	0.25
4474	0.38
4475	0.3
4476	0.24
4477	0.42
4478	0.43
4479	0.19
4480	0.21
4481	0.18
4482	0.39
4483	0.44
4484	0.14
4485	0.19
4486	0.34
4487	0.26
4488	0.3
4489	0.37
4490	0.14
4491	0.21
4492	0.25
4493	0.31
4494	0.27
4495	0.29
4496	0.16
4497	0.37
4498	0.31
4499	0.26
4500	0.23
4501	0.41
4502	0.12
4503	0.38
4504	0.26
4505	0.29
4506	0.33
4507	0.3
4508	0.21
4509	0.46
4510	0.27
4511	0.39
4512	0.38
4513	0.23
4514	0.02
4515	0.36
4516	0.22
4517	0.28
4518	0.31
4519	0.13
4520	0.24
4521	0.27
4522	0.39
4523	0.24
4524	0.23
4525	0.28
4526	0.3
4527	0.19
4528	0.18
4529	0.28
4530	0.42
4531	0.26
4532	0.23
4533	0.2
4534	0.1
4535	0.14
4536	0.32
4537	0.3
4538	0.36
4539	0.18
4540	0.09
4541	0.48
4542	0.32
4543	0.28
4544	0.16
4545	0.3
4546	0.26
4547	0.26
4548	0.13
4549	0.37
4550	0.27
4551	0.22
4552	0.31
4553	0.2
4554	0.21
4555	0.23
4556	0.39
4557	0.09
4558	0.1
4559	0.2
4560	0.21
4561	0.32
4562	0.2
4563	0.07
4564	0.33
4565	0.25
4566	0.4
4567	0.22
4568	0.43
4569	0.35
4570	0.21
4571	0.33
4572	0.4
4573	0.24
4574	0.06
4575	0.17
4576	0.3
4577	0.3
4578	0.38
4579	0.2
4580	0.21
4581	0.13
4582	0.27
4583	0.34
4584	0.06
4585	0.31
4586	0.22
4587	0.26
4588	0.19
4589	0.28
4590	0.4
4591	0.34
4592	0.14
4593	0.36
4594	0.14
4595	0.24
4596	0.27
4597	0.25
4598	0.35
4599	0.33
4600	0.4
4601	0.3
4602	0.3
4603	0.22
4604	0.2
4605	0.25
4606	0.13
4607	0.42
4608	0.01
4609	0.3
4610	0.28
4611	0.29
4612	0.23
4613	0.52
4614	0.12
4615	0.11
4616	0.26
4617	0.25
4618	0.34
4619	0.33
4620	0.06
4621	0.25
4622	0.46
4623	0.17
4624	0.08
4625	0.21
4626	0.21
4627	0.25
4628	0.23
4629	0.39
4630	0.3
4631	0.19
4632	0.01
4633	0.1
4634	0.49
4635	0.08
4636	0.26
4637	0.26
4638	0.33
4639	0.19
4640	0.24
4641	0.41
4642	0.28
4643	0.26
4644	0.09
4645	0.14
4646	0.19
4647	0.37
4648	0.27
4649	0.17
4650	0.38
4651	0.11
4652	0.25
4653	0.21
4654	0.26
4655	0.24
4656	0.11
4657	0.31
4658	0.17
4659	0.35
4660	0.23
4661	0.21
4662	0.28
4663	0.07
4664	0.27
4665	0.37
4666	0.26
4667	0.35
4668	0.2
4669	0.28
4670	0.24
4671	0.24
4672	0.19
4673	0.22
4674	0.35
4675	0.26
4676	0.35
4677	0.34
4678	0.28
4679	0.24
4680	0.4
4681	0.21
4682	0.24
4683	0.06
4684	0.28
4685	0.19
4686	0.21
4687	0.21
4688	0.26
4689	0.42
4690	0.31
4691	0.11
4692	0.14
4693	0.37
4694	0.24
4695	0.15
4696	0.37
4697	0.3
4698	0.35
4699	0.21
4700	0.27
4701	0.12
4702	0.31
4703	0.23
4704	0.1
4705	0.21
4706	0.17
4707	0.05
4708	0.34
4709	0.21
4710	0.24
4711	0.16
4712	0.01
4713	0.3
4714	0.24
4715	0.25
4716	0.35
4717	0.22
4718	0.29
4719	0.13
4720	0.32
4721	0.4
4722	0.31
4723	0.18
4724	0.07
4725	0.34
4726	0.14
4727	0.22
4728	0.31
4729	0.15
4730	0.26
4731	0.43
4732	0.18
4733	0.19
4734	0.23
4735	0.11
4736	0.13
4737	0.28
4738	0.24
4739	0.15
4740	0.23
4741	0.5
4742	0.26
4743	0.25
4744	0.45
4745	0.17
4746	0.43
4747	0.4
4748	0.28
4749	0.24
4750	0.33
4751	0.34
4752	0.16
4753	0.33
4754	0.27
4755	0.25
4756	0.16
4757	0.36
4758	0.34
4759	0.11
4760	0.33
4761	0.33
4762	0.16
4763	0.23
4764	0.32
4765	0.34
4766	0.19
4767	0.27
4768	0.12
4769	0.27
4770	0.24
4771	0.29
4772	0.16
4773	0.36
4774	0.11
4775	0.29
4776	0.3
4777	0.29
4778	0.06
4779	0.09
4780	0.25
4781	0.38
4782	0.34
4783	0.1
4784	0.38
4785	0.32
4786	0.3
4787	0.24
4788	0.19
4789	0.27
4790	0.19
4791	0.34
4792	0.37
4793	0.25
4794	0.28
4795	0.25
4796	0.22
4797	0.31
4798	0.27
4799	0.28
4800	0.29
4801	0.15
4802	0.23
4803	0.3
4804	0.17
4805	0.31
4806	0.17
4807	0.36
4808	0.16
4809	0.25
4810	0.25
4811	0.18
4812	0.4
4813	0.3
4814	0.28
4815	0.29
4816	0.22
4817	0.31
4818	0.45
4819	0.16
4820	0.37
4821	0.15
4822	0.36
4823	0.19
4824	0.3
4825	0.52
4826	0.18
4827	0.16
4828	0.21
4829	0.29
4830	0.34
4831	0.08
4832	0.35
4833	0.05
4834	0.23
4835	0.36
4836	0.24
4837	0.32
4838	0.36
4839	0.01
4840	0.4
4841	0.25
4842	0.39
4843	0.3
4844	0.29
4845	0.15
4846	0.19
4847	0.19
4848	0.27
4849	0.14
4850	0.27
4851	0.14
4852	0.25
4853	0.32
4854	0.13
4855	0.39
4856	0.15
4857	0.29
4858	0.42
4859	0.33
4860	0.51
4861	0.27
4862	0.25
4863	0.11
4864	0.41
4865	0.21
4866	0.18
4867	0.34
4868	0.33
4869	0.24
4870	0.39
4871	0.33
4872	0.18
4873	0.34
4874	0.17
4875	0.12
4876	0.48
4877	0.47
4878	0.36
4879	0.26
4880	0.11
4881	0.14
4882	0.33
4883	0.12
4884	0.36
4885	0.15
4886	0.28
4887	0.11
4888	0.19
4889	0.26
4890	0.17
4891	0.18
4892	0.26
4893	0.18
4894	0.28
4895	0.11
4896	0.19
4897	0.29
4898	0.44
4899	0.2
4900	0.19
4901	0.27
4902	0.15
4903	0.14
4904	0.26
4905	0.3
4906	0.29
4907	0.42
4908	0.5
4909	0.2
4910	0.32
4911	0.43
4912	0.4
4913	0.41
4914	0.42
4915	0.13
4916	0.34
4917	0.33
4918	0.31
4919	0.12
4920	0.15
4921	0.32
4922	0.36
4923	0.28
4924	0.18
4925	0.29
4926	0.27
4927	0.28
4928	0.14
4929	0.26
4930	0.17
4931	0.31
4932	0.23
4933	0.3
4934	0.03
4935	0.37
4936	0.16
4937	0.06
4938	0.3
4939	0.14
4940	0.14
4941	0.32
4942	0.27
4943	0.25
4944	0.21
4945	0.32
4946	0.26
4947	0.27
4948	0.35
4949	0.26
4950	0.17
4951	0.1
4952	0.06
4953	0.26
4954	0.51
4955	0.16
4956	0.2
4957	0.47
4958	0.13
4959	0.25
4960	0.41
4961	0.29
4962	0.17
4963	0.2
4964	0.03
4965	0.39
4966	0.37
4967	0.28
4968	0.24
4969	0.32
4970	0.24
4971	0.35
4972	0.28
4973	0.29
4974	0.31
4975	0.23
4976	0.24
4977	0.22
4978	0.2
4979	0.26
4980	0.14
4981	0.16
4982	0.37
4983	0.26
4984	0.18
4985	0.07
4986	0.36
4987	0.22
4988	0.16
4989	0.25
4990	0.21
4991	0.18
4992	0.17
4993	0.27
4994	0.19
4995	0.01
4996	0.32
4997	0.01
4998	0.22
4999	0.21
5000	0.27
5001	0.29
5002	0.14
5003	0.33
5004	0.32
5005	0.21
5006	0.22
5007	0.11
5008	0.2
5009	0.14
5010	0.33
5011	0.22
5012	0.24
5013	0.15
5014	0.28
5015	0.37
5016	0.21
5017	0.19
5018	0.03
5019	0.33
5020	0.32
5021	0.3
5022	0.14
5023	0.4
5024	0.25
5025	0.24
5026	0.28
5027	0.31
5028	0.32
5029	0.32
5030	0.09
5031	0.26
5032	0.23
5033	0.17
5034	0.27
5035	0.37
5036	0.27
5037	0.18
5038	0.32
5039	0.3
5040	0.42
5041	0.25
5042	0.06
5043	0.24
5044	0.13
5045	0.35
5046	0.16
5047	0.31
5048	0.01
5049	0.27
5050	0.32
5051	0.08
5052	0.17
5053	0.15
5054	0.26
5055	0.2
5056	0.23
5057	0.19
5058	0.32
5059	0.22
5060	0.35
5061	0.14
5062	0.22
5063	0.27
5064	0.17
5065	0.26
5066	0.42
5067	0.24
5068	0.21
5069	0.2
5070	0.16
5071	0.24
5072	0.37
5073	0.41
5074	0.38
5075	0.29
5076	0.3
5077	0.24
5078	0.16
5079	0.06
5080	0.34
5081	0.17
5082	0.12
5083	0.45
5084	0.23
5085	0.27
5086	0.37
5087	0.21
5088	0.46
5089	0.07
5090	0.22
5091	0.19
5092	0.2
5093	0.39
5094	0.33
5095	0.3
5096	0.3
5097	0.35
5098	0.35
5099	0.28
5100	0.14
5101	0.25
5102	0.29
5103	0.36
5104	0.08
5105	0.06
5106	0.36
5107	0.29
5108	0.25
5109	0.21
5110	0.34
5111	0.31
5112	0.24
5113	0.33
5114	0.08
5115	0.3
5116	0.05
5117	0.11
5118	0.24
5119	0.24
5120	0.32
5121	0.1
5122	0.3
5123	0.19
5124	0.42
5125	0.35
5126	0.21
5127	0.35
5128	0.14
5129	0.16
5130	0.31
5131	0.33
5132	0.21
5133	0.21
5134	0.22
5135	0.19
5136	0.32
5137	0.27
5138	0.09
5139	0.21
5140	0.13
5141	0.28
5142	0.3
5143	0.18
5144	0.33
5145	0.24
5146	0.05
5147	0.26
5148	0.26
5149	0.36
5150	0.18
5151	0.35
5152	0.23
5153	0.29
5154	0.18
5155	0.34
5156	0.32
5157	0.09
5158	0.26
5159	0.26
5160	0.16
5161	0.23
5162	0.1
5163	0.29
5164	0.23
5165	0.27
5166	0.23
5167	0.3
5168	0.19
5169	0.05
5170	0.18
5171	0.28
5172	0.29
5173	0.28
5174	0.18
5175	0.35
5176	0.26
5177	0.3
5178	0.23
5179	0.16
5180	0.15
5181	0.12
5182	0.36
5183	0.24
5184	0.22
5185	0.21
5186	0.36
5187	0.22
5188	0.41
5189	0.25
5190	0.09
5191	0.28
5192	0.37
5193	0.34
5194	0.23
5195	0.17
5196	0.36
5197	0.21
5198	0.34
5199	0.22
5200	0.23
5201	0.24
5202	0.07
5203	0.37
5204	0.32
5205	0.33
5206	0.08
5207	0.45
5208	0.24
5209	0.24
5210	0.03
5211	0.27
5212	0.29
5213	0.21
5214	0.36
5215	0.13
5216	0.21
5217	0.29
5218	0.34
5219	0.35
5220	0.26
5221	0.26
5222	0.14
5223	0.36
5224	0.27
5225	0.29
5226	0.32
5227	0.23
5228	0.12
5229	0.21
5230	0.14
5231	0.27
5232	0.27
5233	0.17
5234	0.18
5235	0.04
5236	0.16
5237	0.29
5238	0.17
5239	0.31
5240	0.41
5241	0.34
5242	0.26
5243	0.19
5244	0.32
5245	0.11
5246	0.27
5247	0.22
5248	0.19
5249	0.21
5250	0.3
5251	0.09
5252	0.22
5253	0.14
5254	0.28
5255	0.22
5256	0.09
5257	0.18
5258	0.29
5259	0.3
5260	0.43
5261	0.31
5262	0.08
5263	0.16
5264	0.2
5265	0.09
5266	0.12
5267	0.27
5268	0.25
5269	0.2
5270	0.16
5271	0.05
5272	0.31
5273	0.21
5274	0.43
5275	0.3
5276	0.23
5277	0.25
5278	0.2
5279	0.16
5280	0.2
5281	0.26
5282	0.22
5283	0.22
5284	0.2
5285	0.18
5286	0.12
5287	0.15
5288	0.28
5289	0.37
5290	0.25
5291	0.11
5292	0.27
5293	0.45
5294	0.35
5295	0.26
5296	0.23
5297	0.1
5298	0.27
5299	0.18
5300	0.41
5301	0.37
5302	0.25
5303	0.11
5304	0.16
5305	0.18
5306	0.3
5307	0.09
5308	0.07
5309	0.13
5310	0.36
5311	0.18
5312	0.19
5313	0.21
5314	0.23
5315	0.21
5316	0.33
5317	0.19
5318	0.21
5319	0.1
5320	0.39
5321	0.24
5322	0.14
5323	0.2
5324	0.26
5325	0.29
5326	0.31
5327	0.22
5328	0.18
5329	0.29
5330	0.43
5331	0.44
5332	0.21
5333	0.26
5334	0.14
5335	0.32
5336	0.29
5337	0.33
5338	0.23
5339	0.17
5340	0.33
5341	0.25
5342	0.4
5343	0.03
5344	0.12
5345	0.3
5346	0.2
5347	0.3
5348	0.1
5349	0.15
5350	0.3
5351	0.1
5352	0.2
5353	0.5
5354	0.19
5355	0.37
5356	0.35
5357	0.3
5358	0.33
5359	0.26
5360	0.01
5361	0.32
5362	0.22
5363	0.17
5364	0.17
5365	0.29
5366	0.22
5367	0.2
5368	0.3
5369	0.24
5370	0.24
5371	0.17
5372	0.15
5373	0.15
5374	0.44
5375	0.33
5376	0.28
5377	0.29
5378	0.4
5379	0.21
5380	0.39
5381	0.27
5382	0.3
5383	0.2
5384	0.28
5385	0.3
5386	0.17
5387	0.25
5388	0.37
5389	0.29
5390	0.23
5391	0.15
5392	0.26
5393	0.18
5394	0.2
5395	0.13
5396	0.21
5397	0.4
5398	0.29
5399	0.24
5400	0.22
5401	0.18
5402	0.29
5403	0.28
5404	0.36
5405	0.22
5406	0.19
5407	0.25
5408	0.4
5409	0.41
5410	0.21
5411	0.23
5412	0.31
5413	0.45
5414	0.28
5415	0.29
5416	0.24
5417	0.21
5418	0.24
5419	0.28
5420	0.21
5421	0.18
5422	0.26
5423	0.35
5424	0.26
5425	0.26
5426	0.21
5427	0.3
5428	0.3
5429	0.3
5430	0.36
5431	0.14
5432	0.23
5433	0.32
5434	0.11
5435	0.3
5436	0.19
5437	0.1
5438	0.33
5439	0.15
5440	0.31
5441	0.09
5442	0.31
5443	0.39
5444	0.2
5445	0.4
5446	0.34
5447	0.25
5448	0.13
5449	0.2
5450	0.1
5451	0.24
5452	0.35
5453	0.23
5454	0.12
5455	0.39
5456	0.3
5457	0.23
5458	0.37
5459	0.42
5460	0.09
5461	0.23
5462	0.27
5463	0.32
5464	0.25
5465	0.39
5466	0.27
5467	0.21
5468	0.42
5469	0.26
5470	0.1
5471	0.41
5472	0.26
5473	0.11
5474	0.05
5475	0.31
5476	0.14
5477	0.18
5478	0.34
5479	0.31
5480	0.37
5481	0.09
5482	0.12
5483	0.35
5484	0.15
5485	0.43
5486	0.33
5487	0.32
5488	0.24
5489	0.17
5490	0.21
5491	0.39
5492	0.33
5493	0.24
5494	0.2
5495	0.2
5496	0.25
5497	0.18
5498	0.37
5499	0.35
5500	0.16
5501	0.33
5502	0.22
5503	0.48
5504	0.32
5505	0.11
5506	0.1
5507	0.25
5508	0.15
5509	0.23
5510	0.24
5511	0.38
5512	0.26
5513	0.16
5514	0.23
5515	0.17
5516	0.33
5517	0.38
5518	0.19
5519	0.24
5520	0.15
5521	0.24
5522	0.2
5523	0.34
5524	0.44
5525	0.35
5526	0.2
5527	0.28
5528	0.24
5529	0.24
5530	0.27
5531	0.26
5532	0.36
5533	0.24
5534	0.41
5535	0.32
5536	0.1
5537	0.31
5538	0.16
5539	0.22
5540	0.35
5541	0.26
5542	0.36
5543	0.11
5544	0.31
5545	0.27
5546	0.27
5547	0.19
5548	0.35
5549	0.3
5550	0.31
5551	0.22
5552	0.17
5553	0.22
5554	0.37
5555	0.43
5556	0.25
5557	0.3
5558	0.09
5559	0.19
5560	0.32
5561	0.36
5562	0.01
5563	0.24
5564	0.33
5565	0.24
5566	0.1
5567	0.28
5568	0.42
5569	0.39
5570	0.21
5571	0.4
5572	0.24
5573	0.16
5574	0.28
5575	0.18
5576	0.35
5577	0.19
5578	0.13
5579	0.32
5580	0.25
5581	0.42
5582	0.34
5583	0.26
5584	0.2
5585	0.26
5586	0.1
5587	0.35
5588	0.25
5589	0.41
5590	0.21
5591	0.27
5592	0.43
5593	0.33
5594	0.34
5595	0.19
5596	0.3
5597	0.3
5598	0.25
5599	0.28
5600	0.25
5601	0.3
5602	0.12
5603	0.36
5604	0.33
5605	0.34
5606	0.29
5607	0.15
5608	0.18
5609	0.35
5610	0.2
5611	0.09
5612	0.16
5613	0.12
5614	0.31
5615	0.32
5616	0.25
5617	0.37
5618	0.24
5619	0.23
5620	0.04
5621	0.18
5622	0.16
5623	0.18
5624	0.32
5625	0.31
5626	0.2
5627	0.18
5628	0.28
5629	0.15
5630	0.43
5631	0.15
5632	0.15
5633	0.2
5634	0.19
5635	0.08
5636	0.32
5637	0.26
5638	0.27
5639	0.24
5640	0.29
5641	0.37
5642	0.29
5643	0.21
5644	0.31
5645	0.3
5646	0.2
5647	0.1
5648	0.19
5649	0.34
5650	0.2
5651	0.21
5652	0.27
5653	0.28
5654	0.36
5655	0.35
5656	0.12
5657	0.39
5658	0.11
5659	0.37
5660	0.41
5661	0.12
5662	0.21
5663	0.21
5664	0.01
5665	0.41
5666	0.22
5667	0.33
5668	0.29
5669	0.24
5670	0.09
5671	0.4
5672	0.11
5673	0.25
5674	0.12
5675	0.29
5676	0.45
5677	0.36
5678	0.23
5679	0.2
5680	0.33
5681	0.29
5682	0.18
5683	0.08
5684	0.37
5685	0.31
5686	0.2
5687	0.22
5688	0.09
5689	0.3
5690	0.19
5691	0.31
5692	0.3
5693	0.04
5694	0.3
5695	0.42
5696	0.28
5697	0.24
5698	0.29
5699	0.36
5700	0.21
5701	0.38
5702	0.33
5703	0.26
5704	0.29
5705	0.28
5706	0.26
5707	0.4
5708	0.25
5709	0.36
5710	0.3
5711	0.19
5712	0.25
5713	0.37
5714	0.16
5715	0.22
5716	0.27
5717	0.21
5718	0.3
5719	0.18
5720	0.22
5721	0.29
5722	0.24
5723	0.13
5724	0.3
5725	0.39
5726	0.26
5727	0.2
5728	0.34
5729	0.19
5730	0.28
5731	0.25
5732	0.36
5733	0.34
5734	0.22
5735	0.34
5736	0.25
5737	0.33
5738	0.11
5739	0.22
5740	0.08
5741	0.28
5742	0.17
5743	0.29
5744	0.15
5745	0.22
5746	0.25
5747	0.24
5748	0.3
5749	0.36
5750	0.29
5751	0.05
5752	0.25
5753	0.22
5754	0.3
5755	0.28
5756	0.26
5757	0.25
5758	0.14
5759	0.26
5760	0.25
5761	0.01
5762	0.07
5763	0.2
5764	0.22
5765	0.15
5766	0.34
5767	0.18
5768	0.36
5769	0.31
5770	0.43
5771	0.48
5772	0.24
5773	0.24
5774	0.15
5775	0.27
5776	0.22
5777	0.33
5778	0.33
5779	0.3
5780	0.19
5781	0.29
5782	0.33
5783	0.14
5784	0.17
5785	0.31
5786	0.27
5787	0.19
5788	0.23
5789	0.23
5790	0.23
5791	0.4
5792	0.29
5793	0.28
5794	0.48
5795	0.27
5796	0.28
5797	0.13
5798	0.07
5799	0.24
5800	0.24
5801	0.19
5802	0.43
5803	0.24
5804	0.24
5805	0.33
5806	0.3
5807	0.28
5808	0.31
5809	0.12
5810	0.34
5811	0.09
5812	0.39
5813	0.17
5814	0.44
5815	0.4
5816	0.27
5817	0.15
5818	0.27
5819	0.04
5820	0.28
5821	0.26
5822	0.22
5823	0.35
5824	0.25
5825	0.1
5826	0.25
5827	0.08
5828	0.3
5829	0.21
5830	0.21
5831	0.29
5832	0.26
5833	0.38
5834	0.14
5835	0.1
5836	0.36
5837	0.24
5838	0.24
5839	0.33
5840	0.2
5841	0.26
5842	0.26
5843	0.23
5844	0.36
5845	0.33
5846	0.41
5847	0.19
5848	0.19
5849	0.21
5850	0.27
5851	0.25
5852	0.28
5853	0.22
5854	0.35
5855	0.24
5856	0.37
5857	0.25
5858	0.19
5859	0.29
5860	0.42
5861	0.15
5862	0.25
5863	0.33
5864	0.36
5865	0.35
5866	0.22
5867	0.44
5868	0.07
5869	0.47
5870	0.03
5871	0.05
5872	0.21
5873	0.12
5874	0.2
5875	0.23
5876	0.31
5877	0.18
5878	0.15
5879	0.2
5880	0.1
5881	0.25
5882	0.33
5883	0.29
5884	0.28
5885	0.26
5886	0.07
5887	0.14
5888	0.23
5889	0.21
5890	0.33
5891	0.23
5892	0.3
5893	0.38
5894	0.13
5895	0.24
5896	0.29
5897	0.19
5898	0.11
5899	0.24
5900	0.28
5901	0.08
5902	0.29
5903	0.33
5904	0.44
5905	0.26
5906	0.16
5907	0.48
5908	0.26
5909	0.08
5910	0.22
5911	0.19
5912	0.35
5913	0.17
5914	0.24
5915	0.22
5916	0.24
5917	0.19
5918	0.36
5919	0.22
5920	0.22
5921	0.13
5922	0.24
5923	0.26
5924	0.13
5925	0.38
5926	0.16
5927	0.21
5928	0.08
5929	0.42
5930	0.21
5931	0.13
5932	0.24
5933	0.01
5934	0.2
5935	0.46
5936	0.31
5937	0.15
5938	0.16
5939	0.23
5940	0.53
5941	0.18
5942	0.33
5943	0.29
5944	0.42
5945	0.14
5946	0.22
5947	0.2
5948	0.12
5949	0.23
5950	0.15
5951	0.25
5952	0.2
5953	0.23
5954	0.08
5955	0.3
5956	0.32
5957	0.25
5958	0.32
5959	0.14
5960	0.15
5961	0.35
5962	0.12
5963	0.14
5964	0.13
5965	0.05
5966	0.37
5967	0.13
5968	0.32
5969	0.2
5970	0.34
5971	0.39
5972	0.29
5973	0.3
5974	0.39
5975	0.1
5976	0.29
5977	0.28
5978	0.24
5979	0.33
5980	0.37
5981	0.31
5982	0.18
5983	0.22
5984	0.24
5985	0.27
5986	0.23
5987	0.28
5988	0.33
5989	0.29
5990	0.39
5991	0.34
5992	0.16
5993	0.3
5994	0.15
5995	0.15
5996	0.33
5997	0.35
5998	0.42
5999	0.12
6000	0.28
6001	0.28
6002	0.06
6003	0.26
6004	0.33
6005	0.22
6006	0.15
6007	0.33
6008	0.24
6009	0.34
6010	0.24
6011	0.24
6012	0.32
6013	0.22
6014	0.3
6015	0.22
6016	0.38
6017	0.21
6018	0.01
6019	0.07
6020	0.32
6021	0.25
6022	0.2
6023	0.01
6024	0.26
6025	0.21
6026	0.35
6027	0.3
6028	0.34
6029	0.17
6030	0.21
6031	0.19
6032	0.27
6033	0.2
6034	0.09
6035	0.21
6036	0.05
6037	0.32
6038	0.02
6039	0.35
6040	0.08
6041	0.23
6042	0.43
6043	0.26
6044	0.29
6045	0.19
6046	0.17
6047	0.15
6048	0.18
6049	0.4
6050	0.16
6051	0.2
6052	0.09
6053	0.18
6054	0.44
6055	0.12
6056	0.12
6057	0.31
6058	0.41
6059	0.14
6060	0.31
6061	0.16
6062	0.27
6063	0.32
6064	0.22
6065	0.28
6066	0.18
6067	0.42
6068	0.36
6069	0.14
6070	0.2
6071	0.16
6072	0.25
6073	0.3
6074	0.12
6075	0.03
6076	0.18
6077	0.28
6078	0.45
6079	0.31
6080	0.47
6081	0.29
6082	0.24
6083	0.23
6084	0.19
6085	0.07
6086	0.27
6087	0.36
6088	0.02
6089	0.32
6090	0.29
6091	0.48
6092	0.32
6093	0.31
6094	0.29
6095	0.39
6096	0.27
6097	0.06
6098	0.05
6099	0.31
6100	0.22
6101	0.3
6102	0.37
6103	0.44
6104	0.42
6105	0.2
6106	0.22
6107	0.39
6108	0.3
6109	0.29
6110	0.27
6111	0.11
6112	0.35
6113	0.36
6114	0.17
6115	0.31
6116	0.28
6117	0.29
6118	0.28
6119	0.15
6120	0.16
6121	0.22
6122	0.19
6123	0.23
6124	0.38
6125	0.18
6126	0.37
6127	0.32
6128	0.01
6129	0.41
6130	0.26
6131	0.3
6132	0.25
6133	0.19
6134	0.13
6135	0.26
6136	0.19
6137	0.39
6138	0.16
6139	0.27
6140	0.19
6141	0.17
6142	0.33
6143	0.3
6144	0.19
6145	0.36
6146	0.4
6147	0.19
6148	0.33
6149	0.16
6150	0.2
6151	0.04
6152	0.25
6153	0.25
6154	0.13
6155	0.43
6156	0.25
6157	0.1
6158	0.25
6159	0.18
6160	0.31
6161	0.33
6162	0.26
6163	0.25
6164	0.21
6165	0.34
6166	0.18
6167	0.08
6168	0.11
6169	0.11
6170	0.12
6171	0.27
6172	0.22
6173	0.28
6174	0.46
6175	0.27
6176	0.24
6177	0.13
6178	0.5
6179	0.24
6180	0.3
6181	0.23
6182	0.26
6183	0.02
6184	0.38
6185	0.23
6186	0.29
6187	0.39
6188	0.39
6189	0.26
6190	0.28
6191	0.16
6192	0.21
6193	0.39
6194	0.33
6195	0.32
6196	0.3
6197	0.22
6198	0.1
6199	0.43
6200	0.31
6201	0.45
6202	0.34
6203	0.15
6204	0.31
6205	0.18
6206	0.01
6207	0.34
6208	0.23
6209	0.19
6210	0.26
6211	0.33
6212	0.31
6213	0.26
6214	0.23
6215	0.31
6216	0.16
6217	0.34
6218	0.33
6219	0.27
6220	0.29
6221	0.21
6222	0.18
6223	0.14
6224	0.28
6225	0.33
6226	0.17
6227	0.43
6228	0.22
6229	0.21
6230	0.29
6231	0.24
6232	0.33
6233	0.26
6234	0.33
6235	0.44
6236	0.2
6237	0.34
6238	0.27
6239	0.33
6240	0.26
6241	0.16
6242	0.4
6243	0.43
6244	0.17
6245	0.05
6246	0.18
6247	0.3
6248	0.19
6249	0.32
6250	0.23
6251	0.22
6252	0.28
6253	0.2
6254	0.33
6255	0.24
6256	0.24
6257	0.38
6258	0.31
6259	0.24
6260	0.06
6261	0.26
6262	0.25
6263	0.32
6264	0.22
6265	0.3
6266	0.12
6267	0.45
6268	0.25
6269	0.15
6270	0.3
6271	0.17
6272	0.19
6273	0.18
6274	0.35
6275	0.1
6276	0.27
6277	0.12
6278	0.34
6279	0.15
6280	0.16
6281	0.23
6282	0.38
6283	0.38
6284	0.31
6285	0.26
6286	0.28
6287	0.3
6288	0.26
6289	0.22
6290	0.29
6291	0.16
6292	0.27
6293	0.23
6294	0.06
6295	0.11
6296	0.16
6297	0.34
6298	0.16
6299	0.2
6300	0.21
6301	0.36
6302	0.19
6303	0.13
6304	0.07
6305	0.31
6306	0.29
6307	0.37
6308	0.12
6309	0.32
6310	0.38
6311	0.21
6312	0.1
6313	0.18
6314	0.32
6315	0.37
6316	0.2
6317	0.03
6318	0.34
6319	0.23
6320	0.2
6321	0.26
6322	0.28
6323	0.16
6324	0.17
6325	0.25
6326	0.18
6327	0.34
6328	0.23
6329	0.37
6330	0.07
6331	0.18
6332	0.17
6333	0.35
6334	0.42
6335	0.24
6336	0.21
6337	0.35
6338	0.2
6339	0.16
6340	0.1
6341	0.25
6342	0.15
6343	0.01
6344	0.17
6345	0.26
6346	0.25
6347	0.01
6348	0.31
6349	0.18
6350	0.2
6351	0.11
6352	0.27
6353	0.45
6354	0.25
6355	0.26
6356	0.17
6357	0.26
6358	0.35
6359	0.23
6360	0.38
6361	0.18
6362	0.36
6363	0.1
6364	0.26
6365	0.35
6366	0.19
6367	0.12
6368	0.16
6369	0.25
6370	0.34
6371	0.19
6372	0.21
6373	0.13
6374	0.36
6375	0.33
6376	0.41
6377	0.32
6378	0.39
6379	0.22
6380	0.18
6381	0.13
6382	0.13
6383	0.19
6384	0.27
6385	0.01
6386	0.25
6387	0.33
6388	0.1
6389	0.12
6390	0.2
6391	0.41
6392	0.23
6393	0.3
6394	0.38
6395	0.19
6396	0.26
6397	0.21
6398	0.25
6399	0.22
6400	0.08
6401	0.44
6402	0.21
6403	0.34
6404	0.29
6405	0.28
6406	0.12
6407	0.25
6408	0.36
6409	0.32
6410	0.34
6411	0.3
6412	0.3
6413	0.35
6414	0.32
6415	0.27
6416	0.42
6417	0.2
6418	0.17
6419	0.35
6420	0.21
6421	0.29
6422	0.2
6423	0.25
6424	0.29
6425	0.36
6426	0.19
6427	0.23
6428	0.38
6429	0.45
6430	0.18
6431	0.3
6432	0.26
6433	0.16
6434	0.34
6435	0.33
6436	0.32
6437	0.16
6438	0.33
6439	0.3
6440	0.38
6441	0.25
6442	0.44
6443	0.4
6444	0.13
6445	0.33
6446	0.26
6447	0.32
6448	0.26
6449	0.29
6450	0.23
6451	0.12
6452	0.13
6453	0.47
6454	0.13
6455	0.08
6456	0.07
6457	0.15
6458	0.11
6459	0.18
6460	0.24
6461	0.17
6462	0.25
6463	0.29
6464	0.07
6465	0.36
6466	0.18
6467	0.16
6468	0.29
6469	0.14
6470	0.07
6471	0.16
6472	0.33
6473	0.25
6474	0.05
6475	0.31
6476	0.22
6477	0.32
6478	0.27
6479	0.2
6480	0.21
6481	0.24
6482	0.15
6483	0.38
6484	0.16
6485	0.27
6486	0.3
6487	0.31
6488	0.31
6489	0.12
6490	0.24
6491	0.08
6492	0.16
6493	0.28
6494	0.25
6495	0.35
6496	0.27
6497	0.32
6498	0.26
6499	0.39
6500	0.32
6501	0.45
6502	0.12
6503	0.14
6504	0.34
6505	0.45
6506	0.2
6507	0.24
6508	0.22
6509	0.1
6510	0.17
6511	0.25
6512	0.34
6513	0.16
6514	0.21
6515	0.4
6516	0.27
6517	0.27
6518	0.46
6519	0.36
6520	0.17
6521	0.36
6522	0.38
6523	0.36
6524	0.31
6525	0.01
6526	0.58
6527	0.11
6528	0.31
6529	0.14
6530	0.38
6531	0.15
6532	0.19
6533	0.3
6534	0.47
6535	0.48
6536	0.26
6537	0.17
6538	0.37
6539	0.25
6540	0.17
6541	0.39
6542	0.26
6543	0.18
6544	0.27
6545	0.35
6546	0.29
6547	0.22
6548	0.3
6549	0.33
6550	0.24
6551	0.08
6552	0.34
6553	0.22
6554	0.28
6555	0.23
6556	0.52
6557	0.37
6558	0.23
6559	0.27
6560	0.38
6561	0.28
6562	0.24
6563	0.29
6564	0.39
6565	0.33
6566	0.26
6567	0.32
6568	0.23
6569	0.09
6570	0.26
6571	0.26
6572	0.38
6573	0.37
6574	0.17
6575	0.18
6576	0.25
6577	0.42
6578	0.42
6579	0.31
6580	0.2
6581	0.14
6582	0.34
6583	0.08
6584	0.15
6585	0.34
6586	0.39
6587	0.36
6588	0.15
6589	0.23
6590	0.33
6591	0.25
6592	0.17
6593	0.32
6594	0.18
6595	0.3
6596	0.06
6597	0.09
6598	0.18
6599	0.26
6600	0.28
6601	0.11
6602	0.16
6603	0.21
6604	0.14
6605	0.37
6606	0.33
6607	0.34
6608	0.16
6609	0.28
6610	0.17
6611	0.26
6612	0.28
6613	0.35
6614	0.29
6615	0.34
6616	0.14
6617	0.24
6618	0.4
6619	0.42
6620	0.43
6621	0.26
6622	0.29
6623	0.33
6624	0.37
6625	0.24
6626	0.15
6627	0.46
6628	0.22
6629	0.23
6630	0.14
6631	0.11
6632	0.13
6633	0.34
6634	0.2
6635	0.13
6636	0.2
6637	0.26
6638	0.39
6639	0.24
6640	0.15
6641	0.28
6642	0.38
6643	0.38
6644	0.15
6645	0.23
6646	0.41
6647	0.3
6648	0.18
6649	0.4
6650	0.11
6651	0.23
6652	0.27
6653	0.39
6654	0.23
6655	0.09
6656	0.36
6657	0.29
6658	0.1
6659	0.14
6660	0.31
6661	0.09
6662	0.28
6663	0.1
6664	0.26
6665	0.3
6666	0.12
6667	0.06
6668	0.21
6669	0.53
6670	0.37
6671	0.36
6672	0.29
6673	0.27
6674	0.19
6675	0.34
6676	0.39
6677	0.16
6678	0.23
6679	0.35
6680	0.34
6681	0.14
6682	0.17
6683	0.26
6684	0.03
6685	0.28
6686	0.33
6687	0.42
6688	0.01
6689	0.37
6690	0.34
6691	0.12
6692	0.22
6693	0.01
6694	0.28
6695	0.19
6696	0.3
6697	0.36
6698	0.19
6699	0.26
6700	0.44
6701	0.27
6702	0.16
6703	0.26
6704	0.3
6705	0.34
6706	0.39
6707	0.32
6708	0.07
6709	0.16
6710	0.4
6711	0.24
6712	0.26
6713	0.42
6714	0.16
6715	0.17
6716	0.22
6717	0.25
6718	0.2
6719	0.19
6720	0.19
6721	0.22
6722	0.25
6723	0.08
6724	0.39
6725	0.06
6726	0.35
6727	0.36
6728	0.15
6729	0.36
6730	0.19
6731	0.33
6732	0.29
6733	0.3
6734	0.24
6735	0.11
6736	0.24
6737	0.04
6738	0.19
6739	0.16
6740	0.1
6741	0.28
6742	0.32
6743	0.39
6744	0.19
6745	0.3
6746	0.34
6747	0.43
6748	0.13
6749	0.11
6750	0.34
6751	0.16
6752	0.23
6753	0.26
6754	0.17
6755	0.34
6756	0.31
6757	0.33
6758	0.24
6759	0.27
6760	0.22
6761	0.16
6762	0.1
6763	0.22
6764	0.18
6765	0.25
6766	0.27
6767	0.2
6768	0.24
6769	0.06
6770	0.21
6771	0.13
6772	0.22
6773	0.23
6774	0.26
6775	0.21
6776	0.13
6777	0.35
6778	0.2
6779	0.25
6780	0.27
6781	0.24
6782	0.2
6783	0.36
6784	0.25
6785	0.05
6786	0.26
6787	0.26
6788	0.28
6789	0.27
6790	0.23
6791	0.18
6792	0.24
6793	0.18
6794	0.36
6795	0.12
6796	0.31
6797	0.22
6798	0.27
6799	0.17
6800	0.25
6801	0.41
6802	0.22
6803	0.3
6804	0.23
6805	0.22
6806	0.4
6807	0.36
6808	0.3
6809	0.36
6810	0.28
6811	0.23
6812	0.21
6813	0.24
6814	0.24
6815	0.36
6816	0.27
6817	0.32
6818	0.26
6819	0.18
6820	0.08
6821	0.29
6822	0.16
6823	0.16
6824	0.18
6825	0.28
6826	0.15
6827	0.21
6828	0.19
6829	0.17
6830	0.39
6831	0.25
6832	0.11
6833	0.25
6834	0.36
6835	0.31
6836	0.12
6837	0.28
6838	0.34
6839	0.24
6840	0.2
6841	0.22
6842	0.3
6843	0.23
6844	0.15
6845	0.21
6846	0.16
6847	0.26
6848	0.22
6849	0.27
6850	0.14
6851	0.26
6852	0.19
6853	0.11
6854	0.32
6855	0.13
6856	0.23
6857	0.01
6858	0.01
6859	0.39
6860	0.22
6861	0.23
6862	0.24
6863	0.27
6864	0.1
6865	0.29
6866	0.16
6867	0.31
6868	0.3
6869	0.08
6870	0.2
6871	0.44
6872	0.15
6873	0.2
6874	0.25
6875	0.22
6876	0.43
6877	0.36
6878	0.52
6879	0.32
6880	0.31
6881	0.29
6882	0.35
6883	0.45
6884	0.23
6885	0.27
6886	0.19
6887	0.18
6888	0.25
6889	0.21
6890	0.27
6891	0.17
6892	0.29
6893	0.27
6894	0.33
6895	0.33
6896	0.27
6897	0.26
6898	0.31
6899	0.36
6900	0.17
6901	0.3
6902	0.24
6903	0.24
6904	0.26
6905	0.36
6906	0.35
6907	0.16
6908	0.27
6909	0.29
6910	0.16
6911	0.35
6912	0.35
6913	0.07
6914	0.23
6915	0.1
6916	0.26
6917	0.24
6918	0.4
6919	0.24
6920	0.47
6921	0.14
6922	0.36
6923	0.15
6924	0.31
6925	0.12
6926	0.45
6927	0.25
6928	0.44
6929	0.28
6930	0.26
6931	0.34
6932	0.13
6933	0.12
6934	0.33
6935	0.4
6936	0.18
6937	0.3
6938	0.32
6939	0.34
6940	0.27
6941	0.28
6942	0.28
6943	0.24
6944	0.29
6945	0.26
6946	0.29
6947	0.35
6948	0.29
6949	0.26
6950	0.33
6951	0.33
6952	0.3
6953	0.31
6954	0.19
6955	0.42
6956	0.17
6957	0.38
6958	0.32
6959	0.31
6960	0.31
6961	0.26
6962	0.34
6963	0.37
6964	0.28
6965	0.13
6966	0.07
6967	0.22
6968	0.33
6969	0.29
6970	0.24
6971	0.37
6972	0.32
6973	0.32
6974	0.28
6975	0.06
6976	0.25
6977	0.3
6978	0.33
6979	0.11
6980	0.37
6981	0.26
6982	0.19
6983	0.27
6984	0.23
6985	0.07
6986	0.26
6987	0.39
6988	0.21
6989	0.21
6990	0.26
6991	0.2
6992	0.21
6993	0.36
6994	0.14
6995	0.28
6996	0.12
6997	0.29
6998	0.2
6999	0.32
7000	0.35
7001	0.23
7002	0.14
7003	0.12
7004	0.33
7005	0.22
7006	0.28
7007	0.28
7008	0.34
7009	0.18
7010	0.13
7011	0.28
7012	0.23
7013	0.36
7014	0.27
7015	0.27
7016	0.1
7017	0.24
7018	0.03
7019	0.29
7020	0.13
7021	0.28
7022	0.13
7023	0.08
7024	0.17
7025	0.17
7026	0.35
7027	0.23
7028	0.14
7029	0.27
7030	0.24
7031	0.35
7032	0.38
7033	0.45
7034	0.14
7035	0.23
7036	0.32
7037	0.47
7038	0.36
7039	0.39
7040	0.25
7041	0.33
7042	0.3
7043	0.32
7044	0.11
7045	0.2
7046	0.37
7047	0.35
7048	0.28
7049	0.37
7050	0.37
7051	0.4
7052	0.31
7053	0.41
7054	0.33
7055	0.2
7056	0.16
7057	0.24
7058	0.18
7059	0.23
7060	0.29
7061	0.31
7062	0.21
7063	0.12
7064	0.05
7065	0.32
7066	0.37
7067	0.4
7068	0.4
7069	0.42
7070	0.32
7071	0.24
7072	0.27
7073	0.3
7074	0.23
7075	0.23
7076	0.3
7077	0.25
7078	0.29
7079	0.06
7080	0.32
7081	0.09
7082	0.28
7083	0.12
7084	0.1
7085	0.18
7086	0.18
7087	0.24
7088	0.16
7089	0.4
7090	0.22
7091	0.01
7092	0.16
7093	0.15
7094	0.33
7095	0.16
7096	0.19
7097	0.19
7098	0.26
7099	0.23
7100	0.04
7101	0.34
7102	0.29
7103	0.22
7104	0.25
7105	0.2
7106	0.11
7107	0.26
7108	0.3
7109	0.23
7110	0.24
7111	0.35
7112	0.12
7113	0.25
7114	0.31
7115	0.2
7116	0.27
7117	0.19
7118	0.29
7119	0.5
7120	0.07
7121	0.22
7122	0.38
7123	0.26
7124	0.3
7125	0.35
7126	0.17
7127	0.25
7128	0.15
7129	0.21
7130	0.29
7131	0.09
7132	0.27
7133	0.03
7134	0.17
7135	0.25
7136	0.14
7137	0.28
7138	0.17
7139	0.19
7140	0.27
7141	0.25
7142	0.31
7143	0.18
7144	0.42
7145	0.19
7146	0.29
7147	0.33
7148	0.08
7149	0.28
7150	0.16
7151	0.28
7152	0.37
7153	0.17
7154	0.28
7155	0.27
7156	0.35
7157	0.32
7158	0.24
7159	0.33
7160	0.18
7161	0.22
7162	0.43
7163	0.11
7164	0.35
7165	0.42
7166	0.25
7167	0.22
7168	0.26
7169	0.26
7170	0.15
7171	0.44
7172	0.28
7173	0.35
7174	0.18
7175	0.2
7176	0.31
7177	0.23
7178	0.31
7179	0.13
7180	0.27
7181	0.3
7182	0.17
7183	0.12
7184	0.22
7185	0.37
7186	0.37
7187	0.23
7188	0.2
7189	0.25
7190	0.2
7191	0.09
7192	0.13
7193	0.47
7194	0.12
7195	0.17
7196	0.14
7197	0.21
7198	0.28
7199	0.33
7200	0.17
7201	0.23
7202	0.23
7203	0.26
7204	0.23
7205	0.39
7206	0.07
7207	0.31
7208	0.31
7209	0.26
7210	0.2
7211	0.19
7212	0.05
7213	0.27
7214	0.22
7215	0.33
7216	0.11
7217	0.18
7218	0.26
7219	0.24
7220	0.05
7221	0.2
7222	0.21
7223	0.24
7224	0.21
7225	0.31
7226	0.18
7227	0.35
7228	0.34
7229	0.24
7230	0.29
7231	0.2
7232	0.15
7233	0.28
7234	0.29
7235	0.1
7236	0.17
7237	0.41
7238	0.38
7239	0.28
7240	0.27
7241	0.06
7242	0.2
7243	0.14
7244	0.15
7245	0.21
7246	0.19
7247	0.18
7248	0.35
7249	0.2
7250	0.01
7251	0.3
7252	0.26
7253	0.26
7254	0.28
7255	0.47
7256	0.37
7257	0.22
7258	0.45
7259	0.19
7260	0.16
7261	0.15
7262	0.1
7263	0.23
7264	0.28
7265	0.15
7266	0.28
7267	0.17
7268	0.33
7269	0.23
7270	0.25
7271	0.18
7272	0.3
7273	0.2
7274	0.11
7275	0.08
7276	0.29
7277	0.27
7278	0.14
7279	0.17
7280	0.2
7281	0.37
7282	0.06
7283	0.3
7284	0.23
7285	0.31
7286	0.4
7287	0.15
7288	0.22
7289	0.45
7290	0.49
7291	0.09
7292	0.24
7293	0.27
7294	0.28
7295	0.28
7296	0.17
7297	0.09
7298	0.13
7299	0.2
7300	0.33
7301	0.26
7302	0.46
7303	0.24
7304	0.34
7305	0.18
7306	0.25
7307	0.55
7308	0.25
7309	0.32
7310	0.09
7311	0.07
7312	0.39
7313	0.19
7314	0.36
7315	0.29
7316	0.18
7317	0.34
7318	0.19
7319	0.25
7320	0.3
7321	0.5
7322	0.28
7323	0.23
7324	0.26
7325	0.34
7326	0.12
7327	0.06
7328	0.21
7329	0.39
7330	0.24
7331	0.19
7332	0.28
7333	0.24
7334	0.29
7335	0.4
7336	0.38
7337	0.2
7338	0.25
7339	0.29
7340	0.25
7341	0.23
7342	0.23
7343	0.2
7344	0.1
7345	0.29
7346	0.3
7347	0.19
7348	0.03
7349	0.16
7350	0.34
7351	0.26
7352	0.25
7353	0.29
7354	0.17
7355	0.35
7356	0.18
7357	0.31
7358	0.07
7359	0.41
7360	0.29
7361	0.32
7362	0.23
7363	0.24
7364	0.38
7365	0.2
7366	0.29
7367	0.27
7368	0.27
7369	0.25
7370	0.18
7371	0.09
7372	0.27
7373	0.31
7374	0.18
7375	0.14
7376	0.13
7377	0.31
7378	0.21
7379	0.11
7380	0.25
7381	0.31
7382	0.27
7383	0.41
7384	0.14
7385	0.38
7386	0.07
7387	0.2
7388	0.29
7389	0.26
7390	0.17
7391	0.26
7392	0.1
7393	0.23
7394	0.31
7395	0.32
7396	0.29
7397	0.02
7398	0.15
7399	0.35
7400	0.12
7401	0.15
7402	0.16
7403	0.18
7404	0.16
7405	0.27
7406	0.1
7407	0.47
7408	0.17
7409	0.28
7410	0.4
7411	0.32
7412	0.38
7413	0.32
7414	0.1
7415	0.1
7416	0.27
7417	0.23
7418	0.06
7419	0.2
7420	0.23
7421	0.36
7422	0.31
7423	0.08
7424	0.39
7425	0.37
7426	0.35
7427	0.32
7428	0.2
7429	0.33
7430	0.19
7431	0.29
7432	0.32
7433	0.26
7434	0.3
7435	0.26
7436	0.29
7437	0.23
7438	0.07
7439	0.17
7440	0.31
7441	0.29
7442	0.2
7443	0.18
7444	0.24
7445	0.33
7446	0.2
7447	0.24
7448	0.18
7449	0.28
7450	0.24
7451	0.26
7452	0.19
7453	0.34
7454	0.31
7455	0.38
7456	0.01
7457	0.04
7458	0.43
7459	0.38
7460	0.34
7461	0.23
7462	0.33
7463	0.35
7464	0.24
7465	0.2
7466	0.3
7467	0.19
7468	0.25
7469	0.43
7470	0.3
7471	0.25
7472	0.28
7473	0.27
7474	0.39
7475	0.06
7476	0.25
7477	0.37
7478	0.15
7479	0.07
7480	0.45
7481	0.19
7482	0.19
7483	0.32
7484	0.08
7485	0.07
7486	0.26
7487	0.17
7488	0.3
7489	0.33
7490	0.33
7491	0.24
7492	0.42
7493	0.37
7494	0.19
7495	0.22
7496	0.17
7497	0.35
7498	0.33
7499	0.24
7500	0.32
7501	0.26
7502	0.24
7503	0.01
7504	0.25
7505	0.3
7506	0.07
7507	0.2
7508	0.42
7509	0.26
7510	0.19
7511	0.39
7512	0.39
7513	0.08
7514	0.17
7515	0.25
7516	0.2
7517	0.21
7518	0.32
7519	0.28
7520	0.13
7521	0.18
7522	0.12
7523	0.27
7524	0.01
7525	0.28
7526	0.31
7527	0.4
7528	0.31
7529	0.27
7530	0.21
7531	0.11
7532	0.18
7533	0.28
7534	0.17
7535	0.11
7536	0.41
7537	0.26
7538	0.11
7539	0.27
7540	0.2
7541	0.18
7542	0.29
7543	0.35
7544	0.24
7545	0.2
7546	0.28
7547	0.32
7548	0.23
7549	0.39
7550	0.2
7551	0.27
7552	0.34
7553	0.26
7554	0.31
7555	0.3
7556	0.17
7557	0.18
7558	0.19
7559	0.33
7560	0.43
7561	0.18
7562	0.16
7563	0.17
7564	0.18
7565	0.3
7566	0.14
7567	0.34
7568	0.35
7569	0.27
7570	0.31
7571	0.25
7572	0.38
7573	0.44
7574	0.33
7575	0.08
7576	0.25
7577	0.26
7578	0.05
7579	0.37
7580	0.26
7581	0.38
7582	0.1
7583	0.32
7584	0.25
7585	0.34
7586	0.33
7587	0.22
7588	0.27
7589	0.27
7590	0.16
7591	0.09
7592	0.12
7593	0.13
7594	0.33
7595	0.3
7596	0.11
7597	0.1
7598	0.3
7599	0.26
7600	0.27
7601	0.12
7602	0.29
7603	0.18
7604	0.38
7605	0.45
7606	0.21
7607	0.3
7608	0.23
7609	0.32
7610	0.33
7611	0.27
7612	0.33
7613	0.23
7614	0.12
7615	0.33
7616	0.47
7617	0.47
7618	0.15
7619	0.19
7620	0.17
7621	0.17
7622	0.34
7623	0.45
7624	0.36
7625	0.36
7626	0.41
7627	0.1
7628	0.44
7629	0.13
7630	0.1
7631	0.25
7632	0.11
7633	0.24
7634	0.29
7635	0.32
7636	0.28
7637	0.21
7638	0.18
7639	0.24
7640	0.45
7641	0.32
7642	0.53
7643	0.13
7644	0.25
7645	0.12
7646	0.15
7647	0.35
7648	0.23
7649	0.27
7650	0.15
7651	0.45
7652	0.61
7653	0.2
7654	0.23
7655	0.15
7656	0.36
7657	0.29
7658	0.15
7659	0.06
7660	0.29
7661	0.31
7662	0.15
7663	0.31
7664	0.21
7665	0.26
7666	0.29
7667	0.36
7668	0.17
7669	0.26
7670	0.16
7671	0.19
7672	0.41
7673	0.23
7674	0.27
7675	0.21
7676	0.41
7677	0.26
7678	0.31
7679	0.3
7680	0.25
7681	0.28
7682	0.21
7683	0.24
7684	0.38
7685	0.33
7686	0.32
7687	0.23
7688	0.31
7689	0.42
7690	0.46
7691	0.27
7692	0.13
7693	0.31
7694	0.43
7695	0.25
7696	0.33
7697	0.16
7698	0.15
7699	0.38
7700	0.13
7701	0.35
7702	0.32
7703	0.29
7704	0.01
7705	0.26
7706	0.18
7707	0.11
7708	0.28
7709	0.18
7710	0.3
7711	0.17
7712	0.27
7713	0.22
7714	0.32
7715	0.1
7716	0.49
7717	0.2
7718	0.27
7719	0.22
7720	0.22
7721	0.26
7722	0.37
7723	0.07
7724	0.26
7725	0.29
7726	0.08
7727	0.14
7728	0.18
7729	0.05
7730	0.23
7731	0.28
7732	0.18
7733	0.19
7734	0.11
7735	0.22
7736	0.26
7737	0.19
7738	0.26
7739	0.27
7740	0.24
7741	0.37
7742	0.3
7743	0.24
7744	0.15
7745	0.24
7746	0.28
7747	0.34
7748	0.32
7749	0.16
7750	0.31
7751	0.17
7752	0.25
7753	0.24
7754	0.18
7755	0.46
7756	0.31
7757	0.08
7758	0.37
7759	0.33
7760	0.32
7761	0.32
7762	0.37
7763	0.09
7764	0.36
7765	0.3
7766	0.16
7767	0.42
7768	0.18
7769	0.25
7770	0.32
7771	0.22
7772	0.47
7773	0.22
7774	0.38
7775	0.22
7776	0.14
7777	0.15
7778	0.28
7779	0.29
7780	0.35
7781	0.17
7782	0.15
7783	0.1
7784	0.23
7785	0.5
7786	0.35
7787	0.32
7788	0.04
7789	0.15
7790	0.18
7791	0.31
7792	0.15
7793	0.39
7794	0.37
7795	0.26
7796	0.2
7797	0.08
7798	0.33
7799	0.01
7800	0.16
7801	0.21
7802	0.16
7803	0.25
7804	0.29
7805	0.16
7806	0.3
7807	0.4
7808	0.22
7809	0.29
7810	0.31
7811	0.14
7812	0.16
7813	0.29
7814	0.26
7815	0.2
7816	0.2
7817	0.34
7818	0.3
7819	0.33
7820	0.25
7821	0.13
7822	0.32
7823	0.21
7824	0.32
7825	0.06
7826	0.14
7827	0.32
7828	0.3
7829	0.28
7830	0.17
7831	0.26
7832	0.38
7833	0.18
7834	0.4
7835	0.29
7836	0.23
7837	0.4
7838	0.21
7839	0.23
7840	0.27
7841	0.43
7842	0.07
7843	0.11
7844	0.1
7845	0.25
7846	0.46
7847	0.19
7848	0.19
7849	0.38
7850	0.21
7851	0.18
7852	0.16
7853	0.41
7854	0.31
7855	0.43
7856	0.29
7857	0.33
7858	0.3
7859	0.25
7860	0.18
7861	0.3
7862	0.12
7863	0.19
7864	0.36
7865	0.38
7866	0.33
7867	0.24
7868	0.27
7869	0.19
7870	0.12
7871	0.07
7872	0.22
7873	0.18
7874	0.19
7875	0.35
7876	0.3
7877	0.36
7878	0.33
7879	0.12
7880	0.19
7881	0.33
7882	0.31
7883	0.16
7884	0.25
7885	0.15
7886	0.19
7887	0.11
7888	0.41
7889	0.01
7890	0.19
7891	0.3
7892	0.05
7893	0.27
7894	0.23
7895	0.03
7896	0.23
7897	0.2
7898	0.26
7899	0.11
7900	0.43
7901	0.21
7902	0.34
7903	0.25
7904	0.23
7905	0.4
7906	0.27
7907	0.32
7908	0.22
7909	0.24
7910	0.15
7911	0.28
7912	0.35
7913	0.24
7914	0.16
7915	0.34
7916	0.28
7917	0.24
7918	0.34
7919	0.26
7920	0.3
7921	0.41
7922	0.23
7923	0.33
7924	0.31
7925	0.36
7926	0.2
7927	0.14
7928	0.23
7929	0.21
7930	0.32
7931	0.21
7932	0.23
7933	0.23
7934	0.01
7935	0.43
7936	0.16
7937	0.35
7938	0.21
7939	0.21
7940	0.24
7941	0.18
7942	0.02
7943	0.28
7944	0.18
7945	0.32
7946	0.23
7947	0.36
7948	0.04
7949	0.31
7950	0.44
7951	0.22
7952	0.34
7953	0.28
7954	0.1
7955	0.3
7956	0.3
7957	0.25
7958	0.5
7959	0.19
7960	0.17
7961	0.18
7962	0.18
7963	0.05
7964	0.27
7965	0.18
7966	0.35
7967	0.21
7968	0.09
7969	0.05
7970	0.36
7971	0.06
7972	0.2
7973	0.35
7974	0.2
7975	0.29
7976	0.22
7977	0.2
7978	0.13
7979	0.24
7980	0.49
7981	0.28
7982	0.27
7983	0.46
7984	0.19
7985	0.4
7986	0.15
7987	0.26
7988	0.1
7989	0.36
7990	0.32
7991	0.12
7992	0.29
7993	0.26
7994	0.11
7995	0.5
7996	0.26
7997	0.23
7998	0.2
7999	0.25
8000	0.28
8001	0.34
8002	0.21
8003	0.1
8004	0.43
8005	0.3
8006	0.34
8007	0.32
8008	0.12
8009	0.08
8010	0.36
8011	0.13
8012	0.33
8013	0.17
8014	0.38
8015	0.26
8016	0.28
8017	0.4
8018	0.27
8019	0.06
8020	0.11
8021	0.14
8022	0.13
8023	0.35
8024	0.2
8025	0.48
8026	0.13
8027	0.37
8028	0.27
8029	0.32
8030	0.31
8031	0.31
8032	0.2
8033	0.37
8034	0.2
8035	0.4
8036	0.26
8037	0.25
8038	0.19
8039	0.06
8040	0.18
8041	0.22
8042	0.42
8043	0.36
8044	0.26
8045	0.29
8046	0.35
8047	0.17
8048	0.34
8049	0.22
8050	0.26
8051	0.36
8052	0.18
8053	0.18
8054	0.37
8055	0.36
8056	0.35
8057	0.2
8058	0.34
8059	0.15
8060	0.29
8061	0.13
8062	0.25
8063	0.37
8064	0.37
8065	0.51
8066	0.32
8067	0.28
8068	0.31
8069	0.22
8070	0.29
8071	0.02
8072	0.25
8073	0.38
8074	0.21
8075	0.24
8076	0.12
8077	0.26
8078	0.09
8079	0.29
8080	0.11
8081	0.45
8082	0.17
8083	0.32
8084	0.24
8085	0.2
8086	0.27
8087	0.36
8088	0.39
8089	0.24
8090	0.24
8091	0.29
8092	0.36
8093	0.3
8094	0.24
8095	0.34
8096	0.29
8097	0.37
8098	0.33
8099	0.26
8100	0.18
8101	0.36
8102	0.26
8103	0.46
8104	0.42
8105	0.06
8106	0.44
8107	0.33
8108	0.25
8109	0.14
8110	0.21
8111	0.3
8112	0.33
8113	0.12
8114	0.26
